{"belief": {"understanding": {"all": 70, "correct": 47, "accuracy": 0.6714285714285714}, "transformation": {"all": 70, "correct": 54, "accuracy": 0.7714285714285715}, "influence": {"all": 70, "correct": 54, "accuracy": 0.7714285714285715}}, "emotion": {"understanding": {"all": 70, "correct": 55, "accuracy": 0.7857142857142857}, "transformation": {"all": 70, "correct": 62, "accuracy": 0.8857142857142857}, "influence": {"all": 70, "correct": 42, "accuracy": 0.6}}, "intention": {"understanding": {"all": 70, "correct": 40, "accuracy": 0.5714285714285714}, "transformation": {"all": 70, "correct": 56, "accuracy": 0.8}, "influence": {"all": 70, "correct": 30, "accuracy": 0.42857142857142855}}, "action": {"understanding": {"all": 70, "correct": 33, "accuracy": 0.4714285714285714}, "transformation": {"all": 70, "correct": 58, "accuracy": 0.8285714285714286}}, "all": {"all": 770, "correct": 531, "accuracy": 0.6896103896103896}}