{"belief": {"understanding": {"all": 70, "correct": 59, "accuracy": 0.8428571428571429}, "transformation": {"all": 126, "correct": 83, "accuracy": 0.6587301587301587}, "influence": {"all": 70, "correct": 56, "accuracy": 0.8}}, "emotion": {"understanding": {"all": 70, "correct": 63, "accuracy": 0.9}, "transformation": {"all": 126, "correct": 79, "accuracy": 0.626984126984127}, "influence": {"all": 70, "correct": 58, "accuracy": 0.8285714285714286}}, "intention": {"understanding": {"all": 70, "correct": 56, "accuracy": 0.8}, "transformation": {"all": 126, "correct": 72, "accuracy": 0.5714285714285714}, "influence": {"all": 70, "correct": 52, "accuracy": 0.7428571428571429}}, "action": {"understanding": {"all": 70, "correct": 61, "accuracy": 0.8714285714285714}, "transformation": {"all": 126, "correct": 76, "accuracy": 0.6031746031746031}}, "all": {"all": 994, "correct": 715, "accuracy": 0.7193158953722334}}