{"mental_state": {"belief": {"all": 266, "correct": 198, "accuracy": 0.7443609022556391}, "emotion": {"all": 266, "correct": 200, "accuracy": 0.7518796992481203}, "intention": {"all": 266, "correct": 180, "accuracy": 0.6766917293233082}, "action": {"all": 196, "correct": 137, "accuracy": 0.6989795918367347}}, "q_type": {"understanding": {"all": 280, "correct": 239, "accuracy": 0.8535714285714285}, "transformation": {"all": 504, "correct": 310, "accuracy": 0.6150793650793651}, "influence": {"all": 210, "correct": 166, "accuracy": 0.7904761904761904}}}