{"mental_state": {"belief": {"all": 266, "correct": 252, "accuracy": 0.9473684210526315}, "emotion": {"all": 266, "correct": 246, "accuracy": 0.924812030075188}, "intention": {"all": 266, "correct": 245, "accuracy": 0.9210526315789473}, "action": {"all": 196, "correct": 175, "accuracy": 0.8928571428571429}}, "q_type": {"understanding": {"all": 280, "correct": 277, "accuracy": 0.9892857142857143}, "transformation": {"all": 504, "correct": 434, "accuracy": 0.8611111111111112}, "influence": {"all": 210, "correct": 207, "accuracy": 0.9857142857142858}}}