{"belief": {"understanding": {"all": 70, "correct": 70, "accuracy": 1.0}, "transformation": {"all": 126, "correct": 113, "accuracy": 0.8968253968253969}, "influence": {"all": 70, "correct": 69, "accuracy": 0.9857142857142858}}, "emotion": {"understanding": {"all": 70, "correct": 70, "accuracy": 1.0}, "transformation": {"all": 126, "correct": 107, "accuracy": 0.8492063492063492}, "influence": {"all": 70, "correct": 69, "accuracy": 0.9857142857142858}}, "intention": {"understanding": {"all": 70, "correct": 70, "accuracy": 1.0}, "transformation": {"all": 126, "correct": 106, "accuracy": 0.8412698412698413}, "influence": {"all": 70, "correct": 69, "accuracy": 0.9857142857142858}}, "action": {"understanding": {"all": 70, "correct": 67, "accuracy": 0.9571428571428572}, "transformation": {"all": 126, "correct": 108, "accuracy": 0.8571428571428571}}, "all": {"all": 994, "correct": 918, "accuracy": 0.9235412474849095}}