None,belief-u,belief-i,belief-t,emotion-u,emotion-i,emotion-t,intention-u,intention-i,intention-t,action-u,action-t,avg.
e788b2ce-fa31-492d-9e6b-67debb5b200e,1.0,0.9857142857142858,0.8968253968253969,1.0,0.9857142857142858,0.8492063492063492,1.0,0.9857142857142858,0.8412698412698413,0.9571428571428572,0.8571428571428571,0.9235412474849095
80e310da-9f43-4b71-85d4-12192220fc6a,0.8428571428571429,0.8,0.6587301587301587,0.9,0.8285714285714286,0.626984126984127,0.8,0.7428571428571429,0.5714285714285714,0.8714285714285714,0.6031746031746031,0.7193158953722334
48b80a75-a9f9-422e-8b36-e47dfa4b3652,0.6714285714285714,0.7714285714285715,0.7714285714285715,0.7857142857142857,0.6,0.8857142857142857,0.5714285714285714,0.42857142857142855,0.8,0.4714285714285714,0.8285714285714286,0.6896103896103896
