None,belief,emotion,intention,action,understanding,influence,transformation
e788b2ce-fa31-492d-9e6b-67debb5b200e,0.9473684210526315,0.924812030075188,0.9210526315789473,0.8928571428571429,0.9892857142857143,0.9857142857142858,0.8611111111111112
80e310da-9f43-4b71-85d4-12192220fc6a,0.7443609022556391,0.7518796992481203,0.6766917293233082,0.6989795918367347,0.8535714285714285,0.7904761904761904,0.6150793650793651
48b80a75-a9f9-422e-8b36-e47dfa4b3652,0.7380952380952381,0.7571428571428571,0.6,0.65,0.625,0.6,0.8214285714285714
