{"belief": {"understanding": {"all": 5000, "correct": 354, "accuracy": 0.0708}, "transformation": {"all": 9000, "correct": 931, "accuracy": 0.10344444444444445}, "influence": {"all": 5000, "correct": 729, "accuracy": 0.1458}}, "emotion": {"understanding": {"all": 5000, "correct": 270, "accuracy": 0.054}, "transformation": {"all": 9000, "correct": 754, "accuracy": 0.08377777777777778}, "influence": {"all": 5000, "correct": 518, "accuracy": 0.1036}}, "intention": {"understanding": {"all": 5000, "correct": 217, "accuracy": 0.0434}, "transformation": {"all": 9000, "correct": 601, "accuracy": 0.06677777777777778}, "influence": {"all": 5000, "correct": 496, "accuracy": 0.0992}}, "action": {"understanding": {"all": 5000, "correct": 140, "accuracy": 0.028}, "transformation": {"all": 9000, "correct": 533, "accuracy": 0.059222222222222225}}, "all": {"all": 71000, "correct": 5543, "accuracy": 0.07807042253521126}}