{
    "question_all": {
        "belief:1->2": {
            "count": 198,
            "correct": 15,
            "accuracy": 0.07575757575757576
        },
        "belief:2->3": {
            "count": 198,
            "correct": 12,
            "accuracy": 0.06060606060606061
        },
        "belief:3->4": {
            "count": 198,
            "correct": 18,
            "accuracy": 0.09090909090909091
        },
        "belief:4->5": {
            "count": 198,
            "correct": 22,
            "accuracy": 0.1111111111111111
        },
        "emotion:1->2": {
            "count": 198,
            "correct": 23,
            "accuracy": 0.11616161616161616
        },
        "emotion:2->3": {
            "count": 198,
            "correct": 17,
            "accuracy": 0.08585858585858586
        },
        "emotion:3->4": {
            "count": 198,
            "correct": 21,
            "accuracy": 0.10606060606060606
        },
        "emotion:4->5": {
            "count": 198,
            "correct": 14,
            "accuracy": 0.0707070707070707
        },
        "intention:1->2": {
            "count": 198,
            "correct": 19,
            "accuracy": 0.09595959595959595
        },
        "intention:2->3": {
            "count": 198,
            "correct": 10,
            "accuracy": 0.050505050505050504
        },
        "intention:3->4": {
            "count": 198,
            "correct": 18,
            "accuracy": 0.09090909090909091
        },
        "intention:4->5": {
            "count": 198,
            "correct": 6,
            "accuracy": 0.030303030303030304
        },
        "action:1->2": {
            "count": 198,
            "correct": 14,
            "accuracy": 0.0707070707070707
        },
        "action:2->3": {
            "count": 198,
            "correct": 9,
            "accuracy": 0.045454545454545456
        },
        "action:3->4": {
            "count": 198,
            "correct": 11,
            "accuracy": 0.05555555555555555
        },
        "action:4->5": {
            "count": 198,
            "correct": 8,
            "accuracy": 0.04040404040404041
        },
        "belief->emotion:1": {
            "count": 99,
            "correct": 19,
            "accuracy": 0.1919191919191919
        },
        "belief->emotion:2": {
            "count": 99,
            "correct": 20,
            "accuracy": 0.20202020202020202
        },
        "belief->emotion:3": {
            "count": 99,
            "correct": 18,
            "accuracy": 0.18181818181818182
        },
        "belief->emotion:4": {
            "count": 99,
            "correct": 11,
            "accuracy": 0.1111111111111111
        },
        "belief->emotion:5": {
            "count": 99,
            "correct": 14,
            "accuracy": 0.1414141414141414
        },
        "belief&emotion->intention:1": {
            "count": 99,
            "correct": 15,
            "accuracy": 0.15151515151515152
        },
        "belief&emotion->intention:2": {
            "count": 99,
            "correct": 8,
            "accuracy": 0.08080808080808081
        },
        "belief&emotion->intention:3": {
            "count": 99,
            "correct": 8,
            "accuracy": 0.08080808080808081
        },
        "belief&emotion->intention:4": {
            "count": 99,
            "correct": 12,
            "accuracy": 0.12121212121212122
        },
        "belief&emotion->intention:5": {
            "count": 99,
            "correct": 10,
            "accuracy": 0.10101010101010101
        },
        "intention->action:1": {
            "count": 99,
            "correct": 9,
            "accuracy": 0.09090909090909091
        },
        "intention->action:2": {
            "count": 99,
            "correct": 14,
            "accuracy": 0.1414141414141414
        },
        "intention->action:3": {
            "count": 99,
            "correct": 18,
            "accuracy": 0.18181818181818182
        },
        "intention->action:4": {
            "count": 99,
            "correct": 15,
            "accuracy": 0.15151515151515152
        },
        "intention->action:5": {
            "count": 99,
            "correct": 9,
            "accuracy": 0.09090909090909091
        },
        "belief:1": {
            "count": 99,
            "correct": 16,
            "accuracy": 0.16161616161616163
        },
        "belief:2": {
            "count": 99,
            "correct": 5,
            "accuracy": 0.050505050505050504
        },
        "belief:3": {
            "count": 99,
            "correct": 7,
            "accuracy": 0.0707070707070707
        },
        "belief:4": {
            "count": 99,
            "correct": 7,
            "accuracy": 0.0707070707070707
        },
        "belief:5": {
            "count": 99,
            "correct": 6,
            "accuracy": 0.06060606060606061
        },
        "emotion:1": {
            "count": 99,
            "correct": 6,
            "accuracy": 0.06060606060606061
        },
        "emotion:2": {
            "count": 99,
            "correct": 4,
            "accuracy": 0.04040404040404041
        },
        "emotion:3": {
            "count": 99,
            "correct": 2,
            "accuracy": 0.020202020202020204
        },
        "emotion:4": {
            "count": 99,
            "correct": 5,
            "accuracy": 0.050505050505050504
        },
        "emotion:5": {
            "count": 99,
            "correct": 5,
            "accuracy": 0.050505050505050504
        },
        "intention:1": {
            "count": 99,
            "correct": 7,
            "accuracy": 0.0707070707070707
        },
        "intention:2": {
            "count": 99,
            "correct": 3,
            "accuracy": 0.030303030303030304
        },
        "intention:3": {
            "count": 99,
            "correct": 3,
            "accuracy": 0.030303030303030304
        },
        "intention:4": {
            "count": 99,
            "correct": 9,
            "accuracy": 0.09090909090909091
        },
        "intention:5": {
            "count": 99,
            "correct": 4,
            "accuracy": 0.04040404040404041
        },
        "action:1": {
            "count": 99,
            "correct": 6,
            "accuracy": 0.06060606060606061
        },
        "action:2": {
            "count": 99,
            "correct": 1,
            "accuracy": 0.010101010101010102
        },
        "action:3": {
            "count": 99,
            "correct": 6,
            "accuracy": 0.06060606060606061
        },
        "action:4": {
            "count": 99,
            "correct": 9,
            "accuracy": 0.09090909090909091
        },
        "action:5": {
            "count": 99,
            "correct": 5,
            "accuracy": 0.050505050505050504
        }
    },
    "time": {
        "1->2": {
            "count": 792,
            "correct": 71,
            "accuracy": 0.08964646464646464
        },
        "2->3": {
            "count": 792,
            "correct": 48,
            "accuracy": 0.06060606060606061
        },
        "3->4": {
            "count": 792,
            "correct": 68,
            "accuracy": 0.08585858585858586
        },
        "4->5": {
            "count": 792,
            "correct": 50,
            "accuracy": 0.06313131313131314
        },
        "1": {
            "count": 693,
            "correct": 78,
            "accuracy": 0.11255411255411256
        },
        "2": {
            "count": 693,
            "correct": 55,
            "accuracy": 0.07936507936507936
        },
        "3": {
            "count": 693,
            "correct": 62,
            "accuracy": 0.08946608946608947
        },
        "4": {
            "count": 693,
            "correct": 68,
            "accuracy": 0.09812409812409813
        },
        "5": {
            "count": 693,
            "correct": 53,