{"mental_state": {"belief": {"all": 1881, "correct": 203, "accuracy": 0.10792131844763424}, "emotion": {"all": 1881, "correct": 163, "accuracy": 0.08665603402445508}, "intention": {"all": 1881, "correct": 154, "accuracy": 0.08187134502923976}, "action": {"all": 1386, "correct": 81, "accuracy": 0.05844155844155844}}, "q_type": {"understanding": {"all": 1980, "correct": 116, "accuracy": 0.05858585858585859}, "transformation": {"all": 3564, "correct": 285, "accuracy": 0.07996632996632996}, "influence": {"all": 1485, "correct": 200, "accuracy": 0.13468013468013468}}}