{
    "accuracy": 0.07808450704225352,
    "error_map": {
        "type_d_how_recognize_belief_emotion_intention_action": {
            "count": 1312,
            "percentage": 0.02004399902224395
        },
        "not answered": {
            "count": 23299,
            "percentage": 0.35594903446590076
        },
        "type_d_whether_time_stage": {
            "count": 5659,
            "percentage": 0.08645502322170619
        },
        "type_d_whether_recognize_if_change": {
            "count": 1917,
            "percentage": 0.02928684918112931
        },
        "type_c_how_time_stage": {
            "count": 5484,
            "percentage": 0.08378147152285505
        },
        "type_c_how_recognizae_influence_between_not_belief_emotion": {
            "count": 3555,
            "percentage": 0.05431129308237595
        },
        "total": {
            "count": 65456,
            "percentage": 1.0
        },
        "type_d_how_recognize_time_stage_completeness": {
            "count": 606,
            "percentage": 0.009258127597164507
        },
        "type_d_how_time_order": {
            "count": 1462,
            "percentage": 0.022335614764116354
        },
        "type_a_what_time_stage": {
            "count": 3798,
            "percentage": 0.05802371058420924
        },
        "type_a_what_recognize_belief_emotion_intention_action": {
            "count": 2846,
            "percentage": 0.04347958934245905
        },
        "chosen answer not in the option": {
            "count": 8289,
            "percentage": 0.126634685895869
        },
        "type_d_why_recognize_belief_emotion_intention_action": {
            "count": 5729,
            "percentage": 0.08752444390124664
        },
        "type_d_why_time_stage": {
            "count": 1496,
            "percentage": 0.02285504766560743
        },
        "true_answer": {
            "count": 4,
            "percentage": 6.11097531165974e-05
        }
    },
    "error_count": 65456,
    "count_all": 71000
}