{"belief": {"understanding": {"all": 495, "correct": 41, "accuracy": 0.08282828282828283}, "transformation": {"all": 891, "correct": 80, "accuracy": 0.08978675645342311}, "influence": {"all": 495, "correct": 82, "accuracy": 0.16565656565656567}}, "emotion": {"understanding": {"all": 495, "correct": 22, "accuracy": 0.044444444444444446}, "transformation": {"all": 891, "correct": 88, "accuracy": 0.09876543209876543}, "influence": {"all": 495, "correct": 53, "accuracy": 0.10707070707070707}}, "intention": {"understanding": {"all": 495, "correct": 26, "accuracy": 0.052525252525252523}, "transformation": {"all": 891, "correct": 63, "accuracy": 0.0707070707070707}, "influence": {"all": 495, "correct": 65, "accuracy": 0.13131313131313133}}, "action": {"understanding": {"all": 495, "correct": 27, "accuracy": 0.05454545454545454}, "transformation": {"all": 891, "correct": 54, "accuracy": 0.06060606060606061}}, "all": {"all": 7029, "correct": 601, "accuracy": 0.08550291648883199}}