{"mental_state": {"belief": {"all": 19000, "correct": 2014, "accuracy": 0.106}, "emotion": {"all": 19000, "correct": 1542, "accuracy": 0.08115789473684211}, "intention": {"all": 19000, "correct": 1314, "accuracy": 0.0691578947368421}, "action": {"all": 14000, "correct": 673, "accuracy": 0.04807142857142857}}, "q_type": {"understanding": {"all": 20000, "correct": 981, "accuracy": 0.04905}, "transformation": {"all": 36000, "correct": 2819, "accuracy": 0.07830555555555556}, "influence": {"all": 15000, "correct": 1743, "accuracy": 0.1162}}}