{
    "accuracy": 0.08517217146872803,
    "error_map": {
        "type_d_how_recognize_belief_emotion_intention_action": {
            "count": 134,
            "percentage": 0.020586879705023813
        },
        "type_d_how_recognize_time_stage_completeness": {
            "count": 66,
            "percentage": 0.0101398064218774
        },
        "type_d_how_time_order": {
            "count": 131,
            "percentage": 0.020125979413120294
        },
        "not answered": {
            "count": 2797,
            "percentage": 0.42971270548471346
        },
        "type_d_whether_time_stage": {
            "count": 607,
            "percentage": 0.09325549239514519
        },
        "type_d_whether_recognize_if_change": {
            "count": 194,
            "percentage": 0.029804885543094177
        },
        "type_c_how_recognizae_influence_between_not_belief_emotion": {
            "count": 345,
            "percentage": 0.053003533568904596
        },
        "type_c_how_time_stage": {
            "count": 579,
            "percentage": 0.08895375633737901
        },
        "total": {
            "count": 6509,
            "percentage": 1.0
        },
        "chosen answer not in the option": {
            "count": 430,
            "percentage": 0.06606237517283761
        },
        "type_a_what_recognize_belief_emotion_intention_action": {
            "count": 346,
            "percentage": 0.0531571669995391
        },
        "type_a_what_time_stage": {
            "count": 441,
            "percentage": 0.06775234290981717
        },
        "type_d_why_recognize_belief_emotion_intention_action": {
            "count": 335,
            "percentage": 0.051467199262559535
        },
        "type_d_why_time_stage": {
            "count": 104,
            "percentage": 0.01597787678598863
        }
    },
    "error_count": 6509,
    "count_all": 7115
}