{"mental_state": {"belief": {"all": 1881, "correct": 561, "accuracy": 0.2982456140350877}, "emotion": {"all": 1881, "correct": 576, "accuracy": 0.3062200956937799}, "intention": {"all": 1881, "correct": 469, "accuracy": 0.24933545986177566}, "action": {"all": 1386, "correct": 349, "accuracy": 0.2518037518037518}}, "q_type": {"understanding": {"all": 1980, "correct": 759, "accuracy": 0.38333333333333336}, "transformation": {"all": 3564, "correct": 718, "accuracy": 0.20145903479236812}, "influence": {"all": 1485, "correct": 478, "accuracy": 0.3218855218855219}}}