{
    "accuracy": 0.2774420238931834,
    "error_map": {
        "type_d_how_recognize_time_stage_completeness": {
            "count": 51,
            "percentage": 0.0099202489787979
        },
        "type_d_how_time_order": {
            "count": 118,
            "percentage": 0.022952732931336317
        },
        "type_d_why_recognize_belief_emotion_intention_action": {
            "count": 1010,
            "percentage": 0.19645983271737016
        },
        "type_d_whether_time_stage": {
            "count": 819,
            "percentage": 0.15930752771834272
        },
        "type_d_whether_recognize_if_change": {
            "count": 241,
            "percentage": 0.046878039291966545
        },
        "type_c_how_time_stage": {
            "count": 479,
            "percentage": 0.09317253452635674
        },
        "type_c_how_recognizae_influence_between_not_belief_emotion": {
            "count": 488,
            "percentage": 0.09492316669908578
        },
        "type_a_what_time_stage": {
            "count": 571,
            "percentage": 0.11106788562536471
        },
        "type_a_what_recognize_belief_emotion_intention_action": {
            "count": 604,
            "percentage": 0.11748687025870454
        },
        "total": {
            "count": 5141,
            "percentage": 1.0
        },
        "type_d_why_time_stage": {
            "count": 245,
            "percentage": 0.047656098035401676
        },
        "type_d_how_recognize_belief_emotion_intention_action": {
            "count": 124,
            "percentage": 0.02411982104648901
        },
        "not answered": {
            "count": 381,
            "percentage": 0.07411009531219608
        },
        "chosen answer not in the option": {
            "count": 9,
            "percentage": 0.001750632172729041
        },
        "true_answer": {
            "count": 1,
            "percentage": 0.00019451468585878233
        }
    },
    "error_count": 5141,
    "count_all": 7115
}