{"mental_state": {"belief": {"all": 19000, "correct": 5376, "accuracy": 0.2829473684210526}, "emotion": {"all": 19000, "correct": 5560, "accuracy": 0.2926315789473684}, "intention": {"all": 19000, "correct": 4415, "accuracy": 0.23236842105263159}, "action": {"all": 14000, "correct": 3404, "accuracy": 0.24314285714285713}}, "q_type": {"understanding": {"all": 20000, "correct": 7139, "accuracy": 0.35695}, "transformation": {"all": 36000, "correct": 6909, "accuracy": 0.19191666666666668}, "influence": {"all": 15000, "correct": 4707, "accuracy": 0.3138}}}