{"belief": {"understanding": {"all": 495, "correct": 148, "accuracy": 0.298989898989899}, "transformation": {"all": 891, "correct": 235, "accuracy": 0.26374859708193044}, "influence": {"all": 495, "correct": 178, "accuracy": 0.3595959595959596}}, "emotion": {"understanding": {"all": 495, "correct": 237, "accuracy": 0.47878787878787876}, "transformation": {"all": 891, "correct": 192, "accuracy": 0.21548821548821548}, "influence": {"all": 495, "correct": 147, "accuracy": 0.296969696969697}}, "intention": {"understanding": {"all": 495, "correct": 163, "accuracy": 0.3292929292929293}, "transformation": {"all": 891, "correct": 153, "accuracy": 0.1717171717171717}, "influence": {"all": 495, "correct": 153, "accuracy": 0.3090909090909091}}, "action": {"understanding": {"all": 495, "correct": 211, "accuracy": 0.4262626262626263}, "transformation": {"all": 891, "correct": 138, "accuracy": 0.15488215488215487}}, "all": {"all": 7029, "correct": 1955, "accuracy": 0.27813344714753163}}