{
    "question_all": {
        "belief:1->2": {
            "count": 198,
            "correct": 75,
            "accuracy": 0.3787878787878788
        },
        "belief:2->3": {
            "count": 198,
            "correct": 43,
            "accuracy": 0.21717171717171718
        },
        "belief:3->4": {
            "count": 198,
            "correct": 38,
            "accuracy": 0.1919191919191919
        },
        "belief:4->5": {
            "count": 198,
            "correct": 48,
            "accuracy": 0.24242424242424243
        },
        "emotion:1->2": {
            "count": 198,
            "correct": 57,
            "accuracy": 0.2878787878787879
        },
        "emotion:2->3": {
            "count": 198,
            "correct": 39,
            "accuracy": 0.19696969696969696
        },
        "emotion:3->4": {
            "count": 198,
            "correct": 33,
            "accuracy": 0.16666666666666666
        },
        "emotion:4->5": {
            "count": 198,
            "correct": 40,
            "accuracy": 0.20202020202020202
        },
        "intention:1->2": {
            "count": 198,
            "correct": 49,
            "accuracy": 0.2474747474747475
        },
        "intention:2->3": {
            "count": 198,
            "correct": 30,
            "accuracy": 0.15151515151515152
        },
        "intention:3->4": {
            "count": 198,
            "correct": 27,
            "accuracy": 0.13636363636363635
        },
        "intention:4->5": {
            "count": 198,
            "correct": 28,
            "accuracy": 0.1414141414141414
        },
        "action:1->2": {
            "count": 198,
            "correct": 45,
            "accuracy": 0.22727272727272727
        },
        "action:2->3": {
            "count": 198,
            "correct": 24,
            "accuracy": 0.12121212121212122
        },
        "action:3->4": {
            "count": 198,
            "correct": 26,
            "accuracy": 0.13131313131313133
        },
        "action:4->5": {
            "count": 198,
            "correct": 23,
            "accuracy": 0.11616161616161616
        },
        "belief->emotion:1": {
            "count": 99,
            "correct": 50,
            "accuracy": 0.5050505050505051
        },
        "belief->emotion:2": {
            "count": 99,
            "correct": 31,
            "accuracy": 0.31313131313131315
        },
        "belief->emotion:3": {
            "count": 99,
            "correct": 31,
            "accuracy": 0.31313131313131315
        },
        "belief->emotion:4": {
            "count": 99,
            "correct": 16,
            "accuracy": 0.16161616161616163
        },
        "belief->emotion:5": {
            "count": 99,
            "correct": 50,
            "accuracy": 0.5050505050505051
        },
        "belief&emotion->intention:1": {
            "count": 99,
            "correct": 60,
            "accuracy": 0.6060606060606061
        },
        "belief&emotion->intention:2": {
            "count": 99,
            "correct": 21,
            "accuracy": 0.21212121212121213
        },
        "belief&emotion->intention:3": {
            "count": 99,
            "correct": 29,
            "accuracy": 0.29292929292929293
        },
        "belief&emotion->intention:4": {
            "count": 99,
            "correct": 14,
            "accuracy": 0.1414141414141414
        },
        "belief&emotion->intention:5": {
            "count": 99,
            "correct": 23,
            "accuracy": 0.23232323232323232
        },
        "intention->action:1": {
            "count": 99,
            "correct": 61,
            "accuracy": 0.6161616161616161
        },
        "intention->action:2": {
            "count": 99,
            "correct": 27,
            "accuracy": 0.2727272727272727
        },
        "intention->action:3": {
            "count": 99,
            "correct": 23,
            "accuracy": 0.23232323232323232
        },
        "intention->action:4": {
            "count": 99,
            "correct": 24,
            "accuracy": 0.24242424242424243
        },
        "intention->action:5": {
            "count": 99,
            "correct": 18,
            "accuracy": 0.18181818181818182
        },
        "belief:1": {
            "count": 99,
            "correct": 59,
            "accuracy": 0.5959595959595959
        },
        "belief:2": {
            "count": 99,
            "correct": 28,
            "accuracy": 0.2828282828282828
        },
        "belief:3": {
            "count": 99,
            "correct": 19,
            "accuracy": 0.1919191919191919
        },
        "belief:4": {
            "count": 99,
            "correct": 14,
            "accuracy": 0.1414141414141414
        },
        "belief:5": {
            "count": 99,
            "correct": 28,
            "accuracy": 0.2828282828282828
        },
        "emotion:1": {
            "count": 99,
            "correct": 83,
            "accuracy": 0.8383838383838383
        },
        "emotion:2": {
            "count": 99,
            "correct": 48,
            "accuracy": 0.48484848484848486
        },
        "emotion:3": {
            "count": 99,
            "correct": 39,
            "accuracy": 0.3939393939393939
        },
        "emotion:4": {
            "count": 99,
            "correct": 26,
            "accuracy": 0.26262626262626265
        },
        "emotion:5": {
            "count": 99,
            "correct": 41,
            "accuracy": 0.41414141414141414
        },
        "intention:1": {
            "count": 99,
            "correct": 50,
            "accuracy": 0.5050505050505051
        },
        "intention:2": {
            "count": 99,
            "correct": 35,
            "accuracy": 0.35353535353535354
        },
        "intention:3": {
            "count": 99,
            "correct": 28,
            "accuracy": 0.2828282828282828
        },
        "intention:4": {
            "count": 99,
            "correct": 28,
            "accuracy": 0.2828282828282828
        },
        "intention:5": {
            "count": 99,
            "correct": 22,
            "accuracy": 0.2222222222222222
        },
        "action:1": {
            "count": 99,
            "correct": 69,
            "accuracy": 0.696969696969697
        },
        "action:2": {
            "count": 99,
            "correct": 44,
            "accuracy": 0.4444444444444444
        },
        "action:3": {
            "count": 99,
            "correct": 37,
            "accuracy": 0.37373737373737376
        },
        "action:4": {
            "count": 99,
            "correct": 37,
            "accuracy": 0.37373737373737376
        },
        "action:5": {
            "count": 99,
            "correct": 24,
            "accuracy": 0.24242424242424243
        }
    },
    "time": {
        "1->2": {
            "count": 792,
            "correct": 226,
            "accuracy": 0.28535353535353536
        },
        "2->3": {
            "count": 792,
            "correct": 136,
            "accuracy": 0.1717171717171717
        },
        "3->4": {
            "count": 792,
            "correct": 124,
            "accuracy": 0.15656565656565657
        },
        "4->5": {
            "count": 792,
            "correct": 139,
            "accuracy": 0.1755050505050505
        },
        "1": {
            "count": 693,
            "correct": 432,
            "accuracy": 0.6233766233766234
        },
        "2": {
            "count": 693,
            "correct": 234,
            "accuracy": 0.33766233766233766
        },
        "3": {
            "count": 693,
            "correct": 206,
            "accuracy": 0.2972582972582973
        },
        "4": {
            "count": 693,
            "correct": 159,
            "accuracy": 0.22943722943722944
        },
        "5": {
            "count": 693,
            "correct": 206,