{"mental_state": {"belief": {"all": 19000, "correct": 11257, "accuracy": 0.5924736842105263}, "emotion": {"all": 19000, "correct": 12849, "accuracy": 0.6762631578947368}, "intention": {"all": 19000, "correct": 13620, "accuracy": 0.716842105263158}, "action": {"all": 14000, "correct": 9705, "accuracy": 0.6932142857142857}}, "q_type": {"understanding": {"all": 20000, "correct": 17849, "accuracy": 0.89245}, "transformation": {"all": 36000, "correct": 17718, "accuracy": 0.49216666666666664}, "influence": {"all": 15000, "correct": 11864, "accuracy": 0.7909333333333334}}}