{
    "accuracy": 0.6680422535211268,
    "error_map": {
        "type_d_how_time_order": {
            "count": 1341,
            "percentage": 0.05689677118248547
        },
        "type_d_why_recognize_belief_emotion_intention_action": {
            "count": 11113,
            "percentage": 0.4715091857949001
        },
        "type_d_why_time_stage": {
            "count": 1872,
            "percentage": 0.07942636514065085
        },
        "type_d_whether_recognize_if_change": {
            "count": 949,
            "percentage": 0.04026475455046884
        },
        "total": {
            "count": 23569,
            "percentage": 1.0
        },
        "type_d_how_recognize_belief_emotion_intention_action": {
            "count": 701,
            "percentage": 0.029742458313886885
        },
        "type_d_whether_time_stage": {
            "count": 1762,
            "percentage": 0.07475921761636048
        },
        "type_c_how_recognizae_influence_between_not_belief_emotion": {
            "count": 2471,
            "percentage": 0.10484110484110484
        },
        "type_a_what_time_stage": {
            "count": 1465,
            "percentage": 0.062157919300776444
        },
        "type_a_what_recognize_belief_emotion_intention_action": {
            "count": 581,
            "percentage": 0.02465102465102465
        },
        "type_c_how_time_stage": {
            "count": 585,
            "percentage": 0.024820739106453393
        },
        "type_d_how_recognize_time_stage_completeness": {
            "count": 182,
            "percentage": 0.007722007722007722
        },
        "true_answer": {
            "count": 21,
            "percentage": 0.000891000891000891
        },
        "not answered": {
            "count": 505,
            "percentage": 0.021426449997878568
        },
        "chosen answer not in the option": {
            "count": 21,
            "percentage": 0.000891000891000891
        }
    },
    "error_count": 23569,
    "count_all": 71000
}