{"mental_state": {"belief": {"all": 19000, "correct": 8410, "accuracy": 0.44263157894736843}, "emotion": {"all": 19000, "correct": 9447, "accuracy": 0.4972105263157895}, "intention": {"all": 19000, "correct": 10498, "accuracy": 0.5525263157894736}, "action": {"all": 14000, "correct": 7342, "accuracy": 0.5244285714285715}}, "q_type": {"understanding": {"all": 20000, "correct": 14502, "accuracy": 0.7251}, "transformation": {"all": 36000, "correct": 12471, "accuracy": 0.34641666666666665}, "influence": {"all": 15000, "correct": 8724, "accuracy": 0.5816}}}