{
    "accuracy": 0.6297962052002811,
    "error_map": {
        "type_d_how_time_order": {
            "count": 120,
            "percentage": 0.04555808656036447
        },
        "type_d_why_recognize_belief_emotion_intention_action": {
            "count": 1080,
            "percentage": 0.41002277904328016
        },
        "type_d_why_time_stage": {
            "count": 164,
            "percentage": 0.06226271829916477
        },
        "type_d_whether_time_stage": {
            "count": 198,
            "percentage": 0.07517084282460136
        },
        "type_d_whether_recognize_if_change": {
            "count": 87,
            "percentage": 0.03302961275626424
        },
        "type_c_how_recognizae_influence_between_not_belief_emotion": {
            "count": 242,
            "percentage": 0.09187547456340167
        },
        "type_a_what_time_stage": {
            "count": 151,
            "percentage": 0.057327258921791954
        },
        "total": {
            "count": 2634,
            "percentage": 1.0
        },
        "type_c_how_time_stage": {
            "count": 82,
            "percentage": 0.031131359149582385
        },
        "type_d_how_recognize_belief_emotion_intention_action": {
            "count": 70,
            "percentage": 0.026575550493545937
        },
        "type_d_how_recognize_time_stage_completeness": {
            "count": 16,
            "percentage": 0.006074411541381929
        },
        "type_a_what_recognize_belief_emotion_intention_action": {
            "count": 70,
            "percentage": 0.026575550493545937
        },
        "not answered": {
            "count": 341,
            "percentage": 0.12946089597570234
        },
        "chosen answer not in the option": {
            "count": 11,
            "percentage": 0.004176157934700076
        },
        "true_answer": {
            "count": 2,
            "percentage": 0.0007593014426727411
        }
    },
    "error_count": 2634,
    "count_all": 7115
}