{
    "question_all": {
        "belief:1->2": {
            "count": 198,
            "correct": 105,
            "accuracy": 0.5303030303030303
        },
        "belief:2->3": {
            "count": 198,
            "correct": 82,
            "accuracy": 0.41414141414141414
        },
        "belief:3->4": {
            "count": 198,
            "correct": 77,
            "accuracy": 0.3888888888888889
        },
        "belief:4->5": {
            "count": 198,
            "correct": 98,
            "accuracy": 0.494949494949495
        },
        "emotion:1->2": {
            "count": 198,
            "correct": 99,
            "accuracy": 0.5
        },
        "emotion:2->3": {
            "count": 198,
            "correct": 93,
            "accuracy": 0.4696969696969697
        },
        "emotion:3->4": {
            "count": 198,
            "correct": 79,
            "accuracy": 0.398989898989899
        },
        "emotion:4->5": {
            "count": 198,
            "correct": 101,
            "accuracy": 0.51010101010101
        },
        "intention:1->2": {
            "count": 198,
            "correct": 96,
            "accuracy": 0.48484848484848486
        },
        "intention:2->3": {
            "count": 198,
            "correct": 94,
            "accuracy": 0.47474747474747475
        },
        "intention:3->4": {
            "count": 198,
            "correct": 84,
            "accuracy": 0.42424242424242425
        },
        "intention:4->5": {
            "count": 198,
            "correct": 99,
            "accuracy": 0.5
        },
        "action:1->2": {
            "count": 198,
            "correct": 110,
            "accuracy": 0.5555555555555556
        },
        "action:2->3": {
            "count": 198,
            "correct": 89,
            "accuracy": 0.4494949494949495
        },
        "action:3->4": {
            "count": 198,
            "correct": 89,
            "accuracy": 0.4494949494949495
        },
        "action:4->5": {
            "count": 198,
            "correct": 101,
            "accuracy": 0.51010101010101
        },
        "belief->emotion:1": {
            "count": 99,
            "correct": 70,
            "accuracy": 0.7070707070707071
        },
        "belief->emotion:2": {
            "count": 99,
            "correct": 55,
            "accuracy": 0.5555555555555556
        },
        "belief->emotion:3": {
            "count": 99,
            "correct": 52,
            "accuracy": 0.5252525252525253
        },
        "belief->emotion:4": {
            "count": 99,
            "correct": 38,
            "accuracy": 0.3838383838383838
        },
        "belief->emotion:5": {
            "count": 99,
            "correct": 79,
            "accuracy": 0.797979797979798
        },
        "belief&emotion->intention:1": {
            "count": 99,
            "correct": 71,
            "accuracy": 0.7171717171717171
        },
        "belief&emotion->intention:2": {
            "count": 99,
            "correct": 65,
            "accuracy": 0.6565656565656566
        },
        "belief&emotion->intention:3": {
            "count": 99,
            "correct": 72,
            "accuracy": 0.7272727272727273
        },
        "belief&emotion->intention:4": {
            "count": 99,
            "correct": 72,
            "accuracy": 0.7272727272727273
        },
        "belief&emotion->intention:5": {
            "count": 99,
            "correct": 75,
            "accuracy": 0.7575757575757576
        },
        "intention->action:1": {
            "count": 99,
            "correct": 87,
            "accuracy": 0.8787878787878788
        },
        "intention->action:2": {
            "count": 99,
            "correct": 87,
            "accuracy": 0.8787878787878788
        },
        "intention->action:3": {
            "count": 99,
            "correct": 81,
            "accuracy": 0.8181818181818182
        },
        "intention->action:4": {
            "count": 99,
            "correct": 83,
            "accuracy": 0.8383838383838383
        },
        "intention->action:5": {
            "count": 99,
            "correct": 80,
            "accuracy": 0.8080808080808081
        },
        "belief:1": {
            "count": 99,
            "correct": 82,
            "accuracy": 0.8282828282828283
        },
        "belief:2": {
            "count": 99,
            "correct": 80,
            "accuracy": 0.8080808080808081
        },
        "belief:3": {
            "count": 99,
            "correct": 73,
            "accuracy": 0.7373737373737373
        },
        "belief:4": {
            "count": 99,
            "correct": 70,
            "accuracy": 0.7070707070707071
        },
        "belief:5": {
            "count": 99,
            "correct": 85,
            "accuracy": 0.8585858585858586
        },
        "emotion:1": {
            "count": 99,
            "correct": 87,
            "accuracy": 0.8787878787878788
        },
        "emotion:2": {
            "count": 99,
            "correct": 86,
            "accuracy": 0.8686868686868687
        },
        "emotion:3": {
            "count": 99,
            "correct": 85,
            "accuracy": 0.8585858585858586
        },
        "emotion:4": {
            "count": 99,
            "correct": 85,
            "accuracy": 0.8585858585858586
        },
        "emotion:5": {
            "count": 99,
            "correct": 93,
            "accuracy": 0.9393939393939394
        },
        "intention:1": {
            "count": 99,
            "correct": 78,
            "accuracy": 0.7878787878787878
        },
        "intention:2": {
            "count": 99,
            "correct": 87,
            "accuracy": 0.8787878787878788
        },
        "intention:3": {
            "count": 99,
            "correct": 81,
            "accuracy": 0.8181818181818182
        },
        "intention:4": {
            "count": 99,
            "correct": 82,
            "accuracy": 0.8282828282828283
        },
        "intention:5": {
            "count": 99,
            "correct": 78,
            "accuracy": 0.7878787878787878
        },
        "action:1": {
            "count": 99,
            "correct": 93,
            "accuracy": 0.9393939393939394
        },
        "action:2": {
            "count": 99,
            "correct": 88,
            "accuracy": 0.8888888888888888
        },
        "action:3": {
            "count": 99,
            "correct": 86,
            "accuracy": 0.8686868686868687
        },
        "action:4": {
            "count": 99,
            "correct": 90,
            "accuracy": 0.9090909090909091
        },
        "action:5": {
            "count": 99,
            "correct": 90,
            "accuracy": 0.9090909090909091
        }
    },
    "time": {
        "1->2": {
            "count": 792,
            "correct": 410,
            "accuracy": 0.5176767676767676
        },
        "2->3": {
            "count": 792,
            "correct": 358,
            "accuracy": 0.45202020202020204
        },
        "3->4": {
            "count": 792,
            "correct": 329,
            "accuracy": 0.4154040404040404
        },
        "4->5": {
            "count": 792,
            "correct": 399,
            "accuracy": 0.5037878787878788
        },
        "1": {
            "count": 693,
            "correct": 568,
            "accuracy": 0.8196248196248196
        },
        "2": {
            "count": 693,
            "correct": 548,
            "accuracy": 0.7907647907647908
        },
        "3": {
            "count": 693,
            "correct": 530,
            "accuracy": 0.7647907647907648
        },
        "4": {
            "count": 693,
            "correct": 520,
            "accuracy": 0.7503607503607503
        },
        "5": {
            "count": 693,
            "correct": 580,
            "accuracy": 0.836940836940837
        }
    },