{
    "accuracy": 0.49065354884047785,
    "error_map": {
        "type_d_how_time_order": {
            "count": 128,
            "percentage": 0.03532008830022075
        },
        "type_d_why_recognize_belief_emotion_intention_action": {
            "count": 1173,
            "percentage": 0.32367549668874174
        },
        "type_d_why_time_stage": {
            "count": 226,
            "percentage": 0.06236203090507726
        },
        "type_d_whether_time_stage": {
            "count": 331,
            "percentage": 0.09133554083885209
        },
        "type_c_how_recognizae_influence_between_not_belief_emotion": {
            "count": 428,
            "percentage": 0.11810154525386314
        },
        "type_c_how_time_stage": {
            "count": 236,
            "percentage": 0.06512141280353201
        },
        "type_a_what_time_stage": {
            "count": 451,
            "percentage": 0.12444812362030905
        },
        "total": {
            "count": 3624,
            "percentage": 1.0
        },
        "type_d_how_recognize_time_stage_completeness": {
            "count": 18,
            "percentage": 0.004966887417218543
        },
        "type_d_whether_recognize_if_change": {
            "count": 433,
            "percentage": 0.11948123620309051
        },
        "chosen answer not in the option": {
            "count": 5,
            "percentage": 0.0013796909492273732
        },
        "type_a_what_recognize_belief_emotion_intention_action": {
            "count": 88,
            "percentage": 0.024282560706401765
        },
        "type_d_how_recognize_belief_emotion_intention_action": {
            "count": 99,
            "percentage": 0.027317880794701987
        },
        "not answered": {
            "count": 7,
            "percentage": 0.0019315673289183224
        },
        "true_answer": {
            "count": 1,
            "percentage": 0.0002759381898454746
        }
    },
    "error_count": 3624,
    "count_all": 7115
}