{
    "accuracy": 0.502774647887324,
    "error_map": {
        "type_d_how_time_order": {
            "count": 1329,
            "percentage": 0.03764552587598788
        },
        "type_d_why_recognize_belief_emotion_intention_action": {
            "count": 11337,
            "percentage": 0.32113418123105686
        },
        "type_d_why_time_stage": {
            "count": 2371,
            "percentage": 0.06716143103985497
        },
        "type_d_whether_time_stage": {
            "count": 2884,
            "percentage": 0.08169277398521373
        },
        "type_c_how_time_stage": {
            "count": 1771,
            "percentage": 0.05016570829674532
        },
        "type_a_what_time_stage": {
            "count": 4111,
            "percentage": 0.11644902699487296
        },
        "total": {
            "count": 35303,
            "percentage": 1.0
        },
        "type_d_how_recognize_belief_emotion_intention_action": {
            "count": 847,
            "percentage": 0.023992295272356457
        },
        "type_c_how_recognizae_influence_between_not_belief_emotion": {
            "count": 3983,
            "percentage": 0.11282327280967623
        },
        "type_d_whether_recognize_if_change": {
            "count": 3309,
            "percentage": 0.09373141092824973
        },
        "type_a_what_recognize_belief_emotion_intention_action": {
            "count": 683,
            "percentage": 0.019346797722573153
        },
        "type_d_how_recognize_time_stage_completeness": {
            "count": 202,
            "percentage": 0.005721893323513583
        },
        "true_answer": {
            "count": 18,
            "percentage": 0.0005098716822932895
        },
        "chosen answer not in the option": {
            "count": 23,
            "percentage": 0.0006515027051525366
        },
        "not answered": {
            "count": 2435,
            "percentage": 0.06897430813245334
        }
    },
    "error_count": 35303,
    "count_all": 71000
}