{
    "question_all": {
        "belief:1->2": {
            "count": 14,
            "correct": 8,
            "accuracy": 0.5714285714285714
        },
        "belief:2->3": {
            "count": 14,
            "correct": 5,
            "accuracy": 0.35714285714285715
        },
        "belief:3->4": {
            "count": 14,
            "correct": 6,
            "accuracy": 0.42857142857142855
        },
        "belief:4->5": {
            "count": 14,
            "correct": 6,
            "accuracy": 0.42857142857142855
        },
        "emotion:1->2": {
            "count": 14,
            "correct": 8,
            "accuracy": 0.5714285714285714
        },
        "emotion:2->3": {
            "count": 14,
            "correct": 5,
            "accuracy": 0.35714285714285715
        },
        "emotion:3->4": {
            "count": 14,
            "correct": 4,
            "accuracy": 0.2857142857142857
        },
        "emotion:4->5": {
            "count": 14,
            "correct": 4,
            "accuracy": 0.2857142857142857
        },
        "intention:1->2": {
            "count": 14,
            "correct": 8,
            "accuracy": 0.5714285714285714
        },
        "intention:2->3": {
            "count": 14,
            "correct": 5,
            "accuracy": 0.35714285714285715
        },
        "intention:3->4": {
            "count": 14,
            "correct": 3,
            "accuracy": 0.21428571428571427
        },
        "intention:4->5": {
            "count": 14,
            "correct": 7,
            "accuracy": 0.5
        },
        "action:1->2": {
            "count": 14,
            "correct": 7,
            "accuracy": 0.5
        },
        "action:2->3": {
            "count": 14,
            "correct": 5,
            "accuracy": 0.35714285714285715
        },
        "action:3->4": {
            "count": 14,
            "correct": 6,
            "accuracy": 0.42857142857142855
        },
        "action:4->5": {
            "count": 14,
            "correct": 5,
            "accuracy": 0.35714285714285715
        },
        "belief->emotion:1": {
            "count": 7,
            "correct": 6,
            "accuracy": 0.8571428571428571
        },
        "belief->emotion:2": {
            "count": 7,
            "correct": 4,
            "accuracy": 0.5714285714285714
        },
        "belief->emotion:3": {
            "count": 7,
            "correct": 2,
            "accuracy": 0.2857142857142857
        },
        "belief->emotion:4": {
            "count": 7,
            "correct": 4,
            "accuracy": 0.5714285714285714
        },
        "belief->emotion:5": {
            "count": 7,
            "correct": 6,
            "accuracy": 0.8571428571428571
        },
        "belief&emotion->intention:1": {
            "count": 7,
            "correct": 7,
            "accuracy": 1.0
        },
        "belief&emotion->intention:2": {
            "count": 7,
            "correct": 6,
            "accuracy": 0.8571428571428571
        },
        "belief&emotion->intention:3": {
            "count": 7,
            "correct": 4,
            "accuracy": 0.5714285714285714
        },
        "belief&emotion->intention:4": {
            "count": 7,
            "correct": 2,
            "accuracy": 0.2857142857142857
        },
        "belief&emotion->intention:5": {
            "count": 7,
            "correct": 6,
            "accuracy": 0.8571428571428571
        },
        "intention->action:1": {
            "count": 7,
            "correct": 7,
            "accuracy": 1.0
        },
        "intention->action:2": {
            "count": 7,
            "correct": 4,
            "accuracy": 0.5714285714285714
        },
        "intention->action:3": {
            "count": 7,
            "correct": 5,
            "accuracy": 0.7142857142857143
        },
        "intention->action:4": {
            "count": 7,
            "correct": 7,
            "accuracy": 1.0
        },
        "intention->action:5": {
            "count": 7,
            "correct": 6,
            "accuracy": 0.8571428571428571
        },
        "belief:1": {
            "count": 7,
            "correct": 7,
            "accuracy": 1.0
        },
        "belief:2": {
            "count": 7,
            "correct": 5,
            "accuracy": 0.7142857142857143
        },
        "belief:3": {
            "count": 7,
            "correct": 5,
            "accuracy": 0.7142857142857143
        },
        "belief:4": {
            "count": 7,
            "correct": 6,
            "accuracy": 0.8571428571428571
        },
        "belief:5": {
            "count": 7,
            "correct": 4,
            "accuracy": 0.5714285714285714
        },
        "emotion:1": {
            "count": 7,
            "correct": 7,
            "accuracy": 1.0
        },
        "emotion:2": {
            "count": 7,
            "correct": 4,
            "accuracy": 0.5714285714285714
        },
        "emotion:3": {
            "count": 7,
            "correct": 5,
            "accuracy": 0.7142857142857143
        },
        "emotion:4": {
            "count": 7,
            "correct": 3,
            "accuracy": 0.42857142857142855
        },
        "emotion:5": {
            "count": 7,
            "correct": 6,
            "accuracy": 0.8571428571428571
        },
        "intention:1": {
            "count": 7,
            "correct": 6,
            "accuracy": 0.8571428571428571
        },
        "intention:2": {
            "count": 7,
            "correct": 4,
            "accuracy": 0.5714285714285714
        },
        "intention:3": {
            "count": 7,
            "correct": 3,
            "accuracy": 0.42857142857142855
        },
        "intention:4": {
            "count": 7,
            "correct": 6,
            "accuracy": 0.8571428571428571
        },
        "intention:5": {
            "count": 7,
            "correct": 5,
            "accuracy": 0.7142857142857143
        },
        "action:1": {
            "count": 7,
            "correct": 7,
            "accuracy": 1.0
        },
        "action:2": {
            "count": 7,
            "correct": 5,
            "accuracy": 0.7142857142857143
        },
        "action:3": {
            "count": 7,
            "correct": 5,
            "accuracy": 0.7142857142857143
        },
        "action:4": {
            "count": 7,
            "correct": 7,
            "accuracy": 1.0
        },
        "action:5": {
            "count": 7,
            "correct": 6,
            "accuracy": 0.8571428571428571
        }
    },
    "time": {
        "1->2": {
            "count": 56,
            "correct": 31,
            "accuracy": 0.5535714285714286
        },
        "2->3": {
            "count": 56,
            "correct": 20,
            "accuracy": 0.35714285714285715
        },
        "3->4": {
            "count": 56,
            "correct": 19,
            "accuracy": 0.3392857142857143
        },
        "4->5": {
            "count": 56,
            "correct": 22,
            "accuracy": 0.39285714285714285
        },
        "1": {
            "count": 49,
            "correct": 47,
            "accuracy": 0.9591836734693877
        },
        "2": {
            "count": 49,
            "correct": 32,
            "accuracy": 0.6530612244897959
        },
        "3": {
            "count": 49,
            "correct": 29,
            "accuracy": 0.5918367346938775
        },
        "4": {
            "count": 49,
            "correct": 35,
            "accuracy": 0.7142857142857143
        },
        "5": {
            "count": 49,
            "correct": 39,
            "accuracy": 0.7959183673469388
        }
    },
    "mental_type": {
        "belief": {
            "count": 91,
            "correct": 52,
            "accuracy": 0.5714285714285714
        },
        "emotion": {
            "count": 91,
            "correct": 46,