{"mental_state": {"belief": {"all": 1881, "correct": 800, "accuracy": 0.4253056884635832}, "emotion": {"all": 1881, "correct": 939, "accuracy": 0.49920255183413076}, "intention": {"all": 1881, "correct": 985, "accuracy": 0.5236576289207868}, "action": {"all": 1386, "correct": 726, "accuracy": 0.5238095238095238}}, "q_type": {"understanding": {"all": 1980, "correct": 1443, "accuracy": 0.7287878787878788}, "transformation": {"all": 3564, "correct": 1181, "accuracy": 0.3313692480359147}, "influence": {"all": 1485, "correct": 826, "accuracy": 0.5562289562289562}}}