{"belief": {"understanding": {"all": 495, "correct": 390, "accuracy": 0.7878787878787878}, "transformation": {"all": 891, "correct": 396, "accuracy": 0.4444444444444444}, "influence": {"all": 495, "correct": 294, "accuracy": 0.593939393939394}}, "emotion": {"understanding": {"all": 495, "correct": 436, "accuracy": 0.8808080808080808}, "transformation": {"all": 891, "correct": 418, "accuracy": 0.4691358024691358}, "influence": {"all": 495, "correct": 355, "accuracy": 0.7171717171717171}}, "intention": {"understanding": {"all": 495, "correct": 406, "accuracy": 0.8202020202020202}, "transformation": {"all": 891, "correct": 418, "accuracy": 0.4691358024691358}, "influence": {"all": 495, "correct": 418, "accuracy": 0.8444444444444444}}, "action": {"understanding": {"all": 495, "correct": 447, "accuracy": 0.9030303030303031}, "transformation": {"all": 891, "correct": 448, "accuracy": 0.5028058361391695}}, "all": {"all": 7029, "correct": 4426, "accuracy": 0.6296770522122634}}