{"belief": {"understanding": {"all": 495, "correct": 301, "accuracy": 0.6080808080808081}, "transformation": {"all": 891, "correct": 270, "accuracy": 0.30303030303030304}, "influence": {"all": 495, "correct": 229, "accuracy": 0.4626262626262626}}, "emotion": {"understanding": {"all": 495, "correct": 384, "accuracy": 0.7757575757575758}, "transformation": {"all": 891, "correct": 298, "accuracy": 0.3344556677890011}, "influence": {"all": 495, "correct": 257, "accuracy": 0.5191919191919192}}, "intention": {"understanding": {"all": 495, "correct": 358, "accuracy": 0.7232323232323232}, "transformation": {"all": 891, "correct": 287, "accuracy": 0.3221099887766554}, "influence": {"all": 495, "correct": 340, "accuracy": 0.6868686868686869}}, "action": {"understanding": {"all": 495, "correct": 400, "accuracy": 0.8080808080808081}, "transformation": {"all": 891, "correct": 326, "accuracy": 0.3658810325476992}}, "all": {"all": 7029, "correct": 3450, "accuracy": 0.49082373026035}}