{"belief": {"understanding": {"all": 5000, "correct": 3167, "accuracy": 0.6334}, "transformation": {"all": 9000, "correct": 2964, "accuracy": 0.3293333333333333}, "influence": {"all": 5000, "correct": 2279, "accuracy": 0.4558}}, "emotion": {"understanding": {"all": 5000, "correct": 3757, "accuracy": 0.7514}, "transformation": {"all": 9000, "correct": 3019, "accuracy": 0.33544444444444443}, "influence": {"all": 5000, "correct": 2671, "accuracy": 0.5342}}, "intention": {"understanding": {"all": 5000, "correct": 3582, "accuracy": 0.7164}, "transformation": {"all": 9000, "correct": 3142, "accuracy": 0.3491111111111111}, "influence": {"all": 5000, "correct": 3774, "accuracy": 0.7548}}, "action": {"understanding": {"all": 5000, "correct": 3996, "accuracy": 0.7992}, "transformation": {"all": 9000, "correct": 3346, "accuracy": 0.37177777777777776}}, "all": {"all": 71000, "correct": 35697, "accuracy": 0.502774647887324}}