{"mental_state": {"belief": {"all": 1881, "correct": 1080, "accuracy": 0.5741626794258373}, "emotion": {"all": 1881, "correct": 1209, "accuracy": 0.6427432216905901}, "intention": {"all": 1881, "correct": 1242, "accuracy": 0.6602870813397129}, "action": {"all": 1386, "correct": 895, "accuracy": 0.6457431457431457}}, "q_type": {"understanding": {"all": 1980, "correct": 1679, "accuracy": 0.847979797979798}, "transformation": {"all": 3564, "correct": 1680, "accuracy": 0.4713804713804714}, "influence": {"all": 1485, "correct": 1067, "accuracy": 0.7185185185185186}}}