{"belief": {"understanding": {"all": 5000, "correct": 4051, "accuracy": 0.8102}, "transformation": {"all": 9000, "correct": 4012, "accuracy": 0.4457777777777778}, "influence": {"all": 5000, "correct": 3194, "accuracy": 0.6388}}, "emotion": {"understanding": {"all": 5000, "correct": 4622, "accuracy": 0.9244}, "transformation": {"all": 9000, "correct": 4174, "accuracy": 0.4637777777777778}, "influence": {"all": 5000, "correct": 4053, "accuracy": 0.8106}}, "intention": {"understanding": {"all": 5000, "correct": 4420, "accuracy": 0.884}, "transformation": {"all": 9000, "correct": 4583, "accuracy": 0.5092222222222222}, "influence": {"all": 5000, "correct": 4617, "accuracy": 0.9234}}, "action": {"understanding": {"all": 5000, "correct": 4756, "accuracy": 0.9512}, "transformation": {"all": 9000, "correct": 4949, "accuracy": 0.5498888888888889}}, "all": {"all": 71000, "correct": 47431, "accuracy": 0.6680422535211268}}