{"belief": {"understanding": {"all": 5000, "correct": 1530, "accuracy": 0.306}, "transformation": {"all": 9000, "correct": 1707, "accuracy": 0.18966666666666668}, "influence": {"all": 5000, "correct": 1380, "accuracy": 0.276}}, "emotion": {"understanding": {"all": 5000, "correct": 1971, "accuracy": 0.3942}, "transformation": {"all": 9000, "correct": 1686, "accuracy": 0.18733333333333332}, "influence": {"all": 5000, "correct": 1350, "accuracy": 0.27}}, "intention": {"understanding": {"all": 5000, "correct": 1124, "accuracy": 0.2248}, "transformation": {"all": 9000, "correct": 1508, "accuracy": 0.16755555555555557}, "influence": {"all": 5000, "correct": 1266, "accuracy": 0.2532}}, "action": {"understanding": {"all": 5000, "correct": 1336, "accuracy": 0.2672}, "transformation": {"all": 9000, "correct": 1328, "accuracy": 0.14755555555555555}}, "all": {"all": 71000, "correct": 16186, "accuracy": 0.2279718309859155}}