{"belief": {"understanding": {"all": 495, "correct": 335, "accuracy": 0.6767676767676768}, "transformation": {"all": 891, "correct": 346, "accuracy": 0.388327721661055}, "influence": {"all": 495, "correct": 196, "accuracy": 0.39595959595959596}}, "emotion": {"understanding": {"all": 495, "correct": 450, "accuracy": 0.9090909090909091}, "transformation": {"all": 891, "correct": 383, "accuracy": 0.4298540965207632}, "influence": {"all": 495, "correct": 306, "accuracy": 0.6181818181818182}}, "intention": {"understanding": {"all": 495, "correct": 406, "accuracy": 0.8202020202020202}, "transformation": {"all": 891, "correct": 375, "accuracy": 0.4208754208754209}, "influence": {"all": 495, "correct": 389, "accuracy": 0.7858585858585858}}, "action": {"understanding": {"all": 495, "correct": 477, "accuracy": 0.9636363636363636}, "transformation": {"all": 891, "correct": 406, "accuracy": 0.4556677890011223}}, "all": {"all": 7029, "correct": 4069, "accuracy": 0.5788874662114099}}