{
    "accuracy": 0.5793394237526353,
    "error_map": {
        "type_d_how_time_order": {
            "count": 157,
            "percentage": 0.05245573003675242
        },
        "type_d_why_recognize_belief_emotion_intention_action": {
            "count": 1180,
            "percentage": 0.39425325760106916
        },
        "type_d_why_time_stage": {
            "count": 148,
            "percentage": 0.049448713665218844
        },
        "type_d_whether_time_stage": {
            "count": 417,
            "percentage": 0.1393250918810558
        },
        "type_c_how_recognizae_influence_between_not_belief_emotion": {
            "count": 514,
            "percentage": 0.17173404610758436
        },
        "type_a_what_time_stage": {
            "count": 153,
            "percentage": 0.05111927831607083
        },
        "total": {
            "count": 2993,
            "percentage": 1.0
        },
        "type_d_how_recognize_belief_emotion_intention_action": {
            "count": 79,
            "percentage": 0.02639492148346141
        },
        "type_d_whether_recognize_if_change": {
            "count": 81,
            "percentage": 0.027063147343802205
        },
        "type_c_how_time_stage": {
            "count": 85,
            "percentage": 0.028399599064483794
        },
        "type_a_what_recognize_belief_emotion_intention_action": {
            "count": 161,
            "percentage": 0.05379218175743401
        },
        "type_d_how_recognize_time_stage_completeness": {
            "count": 16,
            "percentage": 0.0053458068827263614
        },
        "true_answer": {
            "count": 2,
            "percentage": 0.0006682258603407952
        }
    },
    "error_count": 2993,
    "count_all": 7115
}