{"mental_state": {"belief": {"all": 19000, "correct": 8709, "accuracy": 0.4583684210526316}, "emotion": {"all": 19000, "correct": 11639, "accuracy": 0.612578947368421}, "intention": {"all": 19000, "correct": 12046, "accuracy": 0.634}, "action": {"all": 14000, "correct": 8760, "accuracy": 0.6257142857142857}}, "q_type": {"understanding": {"all": 20000, "correct": 16718, "accuracy": 0.8359}, "transformation": {"all": 36000, "correct": 15378, "accuracy": 0.42716666666666664}, "influence": {"all": 15000, "correct": 9058, "accuracy": 0.6038666666666667}}}