{
    "question_all": {
        "belief:1->2": {
            "count": 198,
            "correct": 54,
            "accuracy": 0.2727272727272727
        },
        "belief:2->3": {
            "count": 198,
            "correct": 30,
            "accuracy": 0.15151515151515152
        },
        "belief:3->4": {
            "count": 198,
            "correct": 36,
            "accuracy": 0.18181818181818182
        },
        "belief:4->5": {
            "count": 198,
            "correct": 46,
            "accuracy": 0.23232323232323232
        },
        "emotion:1->2": {
            "count": 198,
            "correct": 67,
            "accuracy": 0.3383838383838384
        },
        "emotion:2->3": {
            "count": 198,
            "correct": 35,
            "accuracy": 0.17676767676767677
        },
        "emotion:3->4": {
            "count": 198,
            "correct": 29,
            "accuracy": 0.14646464646464646
        },
        "emotion:4->5": {
            "count": 198,
            "correct": 42,
            "accuracy": 0.21212121212121213
        },
        "intention:1->2": {
            "count": 198,
            "correct": 62,
            "accuracy": 0.31313131313131315
        },
        "intention:2->3": {
            "count": 198,
            "correct": 25,
            "accuracy": 0.12626262626262627
        },
        "intention:3->4": {
            "count": 198,
            "correct": 24,
            "accuracy": 0.12121212121212122
        },
        "intention:4->5": {
            "count": 198,
            "correct": 54,
            "accuracy": 0.2727272727272727
        },
        "action:1->2": {
            "count": 198,
            "correct": 39,
            "accuracy": 0.19696969696969696
        },
        "action:2->3": {
            "count": 198,
            "correct": 23,
            "accuracy": 0.11616161616161616
        },
        "action:3->4": {
            "count": 198,
            "correct": 32,
            "accuracy": 0.16161616161616163
        },
        "action:4->5": {
            "count": 198,
            "correct": 20,
            "accuracy": 0.10101010101010101
        },
        "belief->emotion:1": {
            "count": 99,
            "correct": 44,
            "accuracy": 0.4444444444444444
        },
        "belief->emotion:2": {
            "count": 99,
            "correct": 24,
            "accuracy": 0.24242424242424243
        },
        "belief->emotion:3": {
            "count": 99,
            "correct": 18,
            "accuracy": 0.18181818181818182
        },
        "belief->emotion:4": {
            "count": 99,
            "correct": 12,
            "accuracy": 0.12121212121212122
        },
        "belief->emotion:5": {
            "count": 99,
            "correct": 41,
            "accuracy": 0.41414141414141414
        },
        "belief&emotion->intention:1": {
            "count": 99,
            "correct": 30,
            "accuracy": 0.30303030303030304
        },
        "belief&emotion->intention:2": {
            "count": 99,
            "correct": 24,
            "accuracy": 0.24242424242424243
        },
        "belief&emotion->intention:3": {
            "count": 99,
            "correct": 16,
            "accuracy": 0.16161616161616163
        },
        "belief&emotion->intention:4": {
            "count": 99,
            "correct": 19,
            "accuracy": 0.1919191919191919
        },
        "belief&emotion->intention:5": {
            "count": 99,
            "correct": 33,
            "accuracy": 0.3333333333333333
        },
        "intention->action:1": {
            "count": 99,
            "correct": 49,
            "accuracy": 0.494949494949495
        },
        "intention->action:2": {
            "count": 99,
            "correct": 26,
            "accuracy": 0.26262626262626265
        },
        "intention->action:3": {
            "count": 99,
            "correct": 17,
            "accuracy": 0.1717171717171717
        },
        "intention->action:4": {
            "count": 99,
            "correct": 14,
            "accuracy": 0.1414141414141414
        },
        "intention->action:5": {
            "count": 99,
            "correct": 19,
            "accuracy": 0.1919191919191919
        },
        "belief:1": {
            "count": 99,
            "correct": 49,
            "accuracy": 0.494949494949495
        },
        "belief:2": {
            "count": 99,
            "correct": 29,
            "accuracy": 0.29292929292929293
        },
        "belief:3": {
            "count": 99,
            "correct": 23,
            "accuracy": 0.23232323232323232
        },
        "belief:4": {
            "count": 99,
            "correct": 25,
            "accuracy": 0.25252525252525254
        },
        "belief:5": {
            "count": 99,
            "correct": 26,
            "accuracy": 0.26262626262626265
        },
        "emotion:1": {
            "count": 99,
            "correct": 78,
            "accuracy": 0.7878787878787878
        },
        "emotion:2": {
            "count": 99,
            "correct": 36,
            "accuracy": 0.36363636363636365
        },
        "emotion:3": {
            "count": 99,
            "correct": 27,
            "accuracy": 0.2727272727272727
        },
        "emotion:4": {
            "count": 99,
            "correct": 26,
            "accuracy": 0.26262626262626265
        },
        "emotion:5": {
            "count": 99,
            "correct": 31,
            "accuracy": 0.31313131313131315
        },
        "intention:1": {
            "count": 99,
            "correct": 34,
            "accuracy": 0.3434343434343434
        },
        "intention:2": {
            "count": 99,
            "correct": 20,
            "accuracy": 0.20202020202020202
        },
        "intention:3": {
            "count": 99,
            "correct": 19,
            "accuracy": 0.1919191919191919
        },
        "intention:4": {
            "count": 99,
            "correct": 12,
            "accuracy": 0.12121212121212122
        },
        "intention:5": {
            "count": 99,
            "correct": 17,
            "accuracy": 0.1717171717171717
        },
        "action:1": {
            "count": 99,
            "correct": 45,
            "accuracy": 0.45454545454545453
        },
        "action:2": {
            "count": 99,
            "correct": 30,
            "accuracy": 0.30303030303030304
        },
        "action:3": {
            "count": 99,
            "correct": 20,
            "accuracy": 0.20202020202020202
        },
        "action:4": {
            "count": 99,
            "correct": 14,
            "accuracy": 0.1414141414141414
        },
        "action:5": {
            "count": 99,
            "correct": 11,
            "accuracy": 0.1111111111111111
        }
    },
    "time": {
        "1->2": {
            "count": 792,
            "correct": 222,
            "accuracy": 0.2803030303030303
        },
        "2->3": {
            "count": 792,
            "correct": 113,
            "accuracy": 0.14267676767676768
        },
        "3->4": {
            "count": 792,
            "correct": 121,
            "accuracy": 0.1527777777777778
        },
        "4->5": {
            "count": 792,
            "correct": 162,
            "accuracy": 0.20454545454545456
        },
        "1": {
            "count": 693,
            "correct": 329,
            "accuracy": 0.47474747474747475
        },
        "2": {
            "count": 693,
            "correct": 189,
            "accuracy": 0.2727272727272727
        },
        "3": {
            "count": 693,
            "correct": 140,
            "accuracy": 0.20202020202020202
        },
        "4": {
            "count": 693,
            "correct": 122,
            "accuracy": 0.17604617604617603
        },
        "5": {
            "count": 693,
            "correct": 178,