{"mental_state": {"belief": {"all": 19000, "correct": 4617, "accuracy": 0.243}, "emotion": {"all": 19000, "correct": 5007, "accuracy": 0.26352631578947366}, "intention": {"all": 19000, "correct": 3898, "accuracy": 0.2051578947368421}, "action": {"all": 14000, "correct": 2664, "accuracy": 0.19028571428571428}}, "q_type": {"understanding": {"all": 20000, "correct": 5961, "accuracy": 0.29805}, "transformation": {"all": 36000, "correct": 6229, "accuracy": 0.17302777777777778}, "influence": {"all": 15000, "correct": 3996, "accuracy": 0.2664}}}