{"belief": {"understanding": {"all": 495, "correct": 152, "accuracy": 0.30707070707070705}, "transformation": {"all": 891, "correct": 184, "accuracy": 0.20650953984287318}, "influence": {"all": 495, "correct": 139, "accuracy": 0.2808080808080808}}, "emotion": {"understanding": {"all": 495, "correct": 198, "accuracy": 0.4}, "transformation": {"all": 891, "correct": 191, "accuracy": 0.2143658810325477}, "influence": {"all": 495, "correct": 122, "accuracy": 0.24646464646464647}}, "intention": {"understanding": {"all": 495, "correct": 102, "accuracy": 0.20606060606060606}, "transformation": {"all": 891, "correct": 180, "accuracy": 0.20202020202020202}, "influence": {"all": 495, "correct": 125, "accuracy": 0.25252525252525254}}, "action": {"understanding": {"all": 495, "correct": 120, "accuracy": 0.24242424242424243}, "transformation": {"all": 891, "correct": 141, "accuracy": 0.15824915824915825}}, "all": {"all": 7029, "correct": 1654, "accuracy": 0.23531085502916488}}