{
    "accuracy": 0.5796338028169014,
    "error_map": {
        "type_d_how_time_order": {
            "count": 1432,
            "percentage": 0.047979628760972996
        },
        "type_d_why_recognize_belief_emotion_intention_action": {
            "count": 11468,
            "percentage": 0.3842390940159485
        },
        "type_d_whether_time_stage": {
            "count": 3934,
            "percentage": 0.13180995778328755
        },
        "type_c_how_recognizae_influence_between_not_belief_emotion": {
            "count": 5145,
            "percentage": 0.1723849092005629
        },
        "type_a_what_time_stage": {
            "count": 1479,
            "percentage": 0.04955437914628426
        },
        "total": {
            "count": 29846,
            "percentage": 1.0
        },
        "type_d_why_time_stage": {
            "count": 1770,
            "percentage": 0.05930442940427528
        },
        "type_c_how_time_stage": {
            "count": 782,
            "percentage": 0.026201165985391676
        },
        "type_d_how_recognize_belief_emotion_intention_action": {
            "count": 678,
            "percentage": 0.022716611941298665
        },
        "type_a_what_recognize_belief_emotion_intention_action": {
            "count": 1777,
            "percentage": 0.05953896669570462
        },
        "type_d_whether_recognize_if_change": {
            "count": 1045,
            "percentage": 0.03501306707766535
        },
        "type_d_how_recognize_time_stage_completeness": {
            "count": 226,
            "percentage": 0.007572203980432889
        },
        "true_answer": {
            "count": 30,
            "percentage": 0.0010051598204114454
        },
        "chosen answer not in the option": {
            "count": 8,
            "percentage": 0.00026804261877638546
        },
        "not answered": {
            "count": 72,
            "percentage": 0.002412383568987469
        }
    },
    "error_count": 29846,
    "count_all": 71000
}