{"belief": {"understanding": {"all": 5000, "correct": 3315, "accuracy": 0.663}, "transformation": {"all": 9000, "correct": 3590, "accuracy": 0.3988888888888889}, "influence": {"all": 5000, "correct": 1804, "accuracy": 0.3608}}, "emotion": {"understanding": {"all": 5000, "correct": 4643, "accuracy": 0.9286}, "transformation": {"all": 9000, "correct": 3840, "accuracy": 0.4266666666666667}, "influence": {"all": 5000, "correct": 3156, "accuracy": 0.6312}}, "intention": {"understanding": {"all": 5000, "correct": 4144, "accuracy": 0.8288}, "transformation": {"all": 9000, "correct": 3804, "accuracy": 0.4226666666666667}, "influence": {"all": 5000, "correct": 4098, "accuracy": 0.8196}}, "action": {"understanding": {"all": 5000, "correct": 4616, "accuracy": 0.9232}, "transformation": {"all": 9000, "correct": 4144, "accuracy": 0.46044444444444443}}, "all": {"all": 71000, "correct": 41154, "accuracy": 0.5796338028169014}}