{
    "accuracy": 0.2348559381588194,
    "error_map": {
        "type_d_how_recognize_belief_emotion_intention_action": {
            "count": 106,
            "percentage": 0.019470977222630418
        },
        "type_d_how_recognize_time_stage_completeness": {
            "count": 62,
            "percentage": 0.011388684790595151
        },
        "type_d_how_time_order": {
            "count": 154,
            "percentage": 0.02828802351212344
        },
        "type_d_why_recognize_belief_emotion_intention_action": {
            "count": 1206,
            "percentage": 0.22152828802351213
        },
        "type_d_why_time_stage": {
            "count": 281,
            "percentage": 0.05161645848640705
        },
        "type_d_whether_time_stage": {
            "count": 911,
            "percentage": 0.16734019103600295
        },
        "type_d_whether_recognize_if_change": {
            "count": 173,
            "percentage": 0.03177810433504776
        },
        "type_c_how_time_stage": {
            "count": 579,
            "percentage": 0.10635562086700955
        },
        "type_c_how_recognizae_influence_between_not_belief_emotion": {
            "count": 536,
            "percentage": 0.09845701689933872
        },
        "type_a_what_recognize_belief_emotion_intention_action": {
            "count": 628,
            "percentage": 0.115356355620867
        },
        "type_a_what_time_stage": {
            "count": 792,
            "percentage": 0.14548126377663484
        },
        "total": {
            "count": 5444,
            "percentage": 1.0
        },
        "chosen answer not in the option": {
            "count": 12,
            "percentage": 0.002204261572373255
        },
        "true_answer": {
            "count": 4,
            "percentage": 0.0007347538574577516
        }
    },
    "error_count": 5444,
    "count_all": 7115
}