{"mental_state": {"belief": {"all": 1881, "correct": 877, "accuracy": 0.46624136097820307}, "emotion": {"all": 1881, "correct": 1139, "accuracy": 0.6055289739500266}, "intention": {"all": 1881, "correct": 1170, "accuracy": 0.6220095693779905}, "action": {"all": 1386, "correct": 883, "accuracy": 0.637085137085137}}, "q_type": {"understanding": {"all": 1980, "correct": 1668, "accuracy": 0.8424242424242424}, "transformation": {"all": 3564, "correct": 1510, "accuracy": 0.42368125701459036}, "influence": {"all": 1485, "correct": 891, "accuracy": 0.6}}}