{"mental_state": {"belief": {"all": 1881, "correct": 475, "accuracy": 0.25252525252525254}, "emotion": {"all": 1881, "correct": 511, "accuracy": 0.2716640085061138}, "intention": {"all": 1881, "correct": 407, "accuracy": 0.21637426900584794}, "action": {"all": 1386, "correct": 261, "accuracy": 0.18831168831168832}}, "q_type": {"understanding": {"all": 1980, "correct": 572, "accuracy": 0.28888888888888886}, "transformation": {"all": 3564, "correct": 696, "accuracy": 0.19528619528619529}, "influence": {"all": 1485, "correct": 386, "accuracy": 0.25993265993265996}}}