{
    "accuracy": 0.2284225352112676,
    "error_map": {
        "type_d_how_time_order": {
            "count": 1623,
            "percentage": 0.02962651965974225
        },
        "type_d_why_recognize_belief_emotion_intention_action": {
            "count": 11676,
            "percentage": 0.21313570150779454
        },
        "type_d_why_time_stage": {
            "count": 2919,
            "percentage": 0.053283925376948635
        },
        "type_d_whether_time_stage": {
            "count": 9128,
            "percentage": 0.1666240736008178
        },
        "type_d_whether_recognize_if_change": {
            "count": 2138,
            "percentage": 0.03902741776495929
        },
        "type_c_how_time_stage": {
            "count": 5522,
            "percentage": 0.1007995326932204
        },
        "type_c_how_recognizae_influence_between_not_belief_emotion": {
            "count": 5177,
            "percentage": 0.09450184367127888
        },
        "type_a_what_recognize_belief_emotion_intention_action": {
            "count": 6152,
            "percentage": 0.11229966047241795
        },
        "type_a_what_time_stage": {
            "count": 7588,
            "percentage": 0.1385126501405571
        },
        "total": {
            "count": 54782,
            "percentage": 1.0
        },
        "type_d_how_recognize_time_stage_completeness": {
            "count": 613,
            "percentage": 0.011189806870869994
        },
        "type_d_how_recognize_belief_emotion_intention_action": {
            "count": 1087,
            "percentage": 0.019842283961885292
        },
        "chosen answer not in the option": {
            "count": 1027,
            "percentage": 0.01874703369719981
        },
        "not answered": {
            "count": 115,
            "percentage": 0.0020992296739805044
        },
        "true_answer": {
            "count": 17,
            "percentage": 0.00031032090832755287
        }
    },
    "error_count": 54782,
    "count_all": 71000
}