{
    "question_all": {
        "belief:1->2": {
            "count": 198,
            "correct": 103,
            "accuracy": 0.5202020202020202
        },
        "belief:2->3": {
            "count": 198,
            "correct": 62,
            "accuracy": 0.31313131313131315
        },
        "belief:3->4": {
            "count": 198,
            "correct": 50,
            "accuracy": 0.25252525252525254
        },
        "belief:4->5": {
            "count": 198,
            "correct": 103,
            "accuracy": 0.5202020202020202
        },
        "emotion:1->2": {
            "count": 198,
            "correct": 100,
            "accuracy": 0.5050505050505051
        },
        "emotion:2->3": {
            "count": 198,
            "correct": 62,
            "accuracy": 0.31313131313131315
        },
        "emotion:3->4": {
            "count": 198,
            "correct": 74,
            "accuracy": 0.37373737373737376
        },
        "emotion:4->5": {
            "count": 198,
            "correct": 114,
            "accuracy": 0.5757575757575758
        },
        "intention:1->2": {
            "count": 198,
            "correct": 103,
            "accuracy": 0.5202020202020202
        },
        "intention:2->3": {
            "count": 198,
            "correct": 64,
            "accuracy": 0.32323232323232326
        },
        "intention:3->4": {
            "count": 198,
            "correct": 54,
            "accuracy": 0.2727272727272727
        },
        "intention:4->5": {
            "count": 198,
            "correct": 115,
            "accuracy": 0.5808080808080808
        },
        "action:1->2": {
            "count": 198,
            "correct": 104,
            "accuracy": 0.5252525252525253
        },
        "action:2->3": {
            "count": 198,
            "correct": 81,
            "accuracy": 0.4090909090909091
        },
        "action:3->4": {
            "count": 198,
            "correct": 72,
            "accuracy": 0.36363636363636365
        },
        "action:4->5": {
            "count": 198,
            "correct": 101,
            "accuracy": 0.51010101010101
        },
        "belief->emotion:1": {
            "count": 99,
            "correct": 64,
            "accuracy": 0.6464646464646465
        },
        "belief->emotion:2": {
            "count": 99,
            "correct": 35,
            "accuracy": 0.35353535353535354
        },
        "belief->emotion:3": {
            "count": 99,
            "correct": 23,
            "accuracy": 0.23232323232323232
        },
        "belief->emotion:4": {
            "count": 99,
            "correct": 19,
            "accuracy": 0.1919191919191919
        },
        "belief->emotion:5": {
            "count": 99,
            "correct": 55,
            "accuracy": 0.5555555555555556
        },
        "belief&emotion->intention:1": {
            "count": 99,
            "correct": 64,
            "accuracy": 0.6464646464646465
        },
        "belief&emotion->intention:2": {
            "count": 99,
            "correct": 75,
            "accuracy": 0.7575757575757576
        },
        "belief&emotion->intention:3": {
            "count": 99,
            "correct": 54,
            "accuracy": 0.5454545454545454
        },
        "belief&emotion->intention:4": {
            "count": 99,
            "correct": 51,
            "accuracy": 0.5151515151515151
        },
        "belief&emotion->intention:5": {
            "count": 99,
            "correct": 62,
            "accuracy": 0.6262626262626263
        },
        "intention->action:1": {
            "count": 99,
            "correct": 88,
            "accuracy": 0.8888888888888888
        },
        "intention->action:2": {
            "count": 99,
            "correct": 87,
            "accuracy": 0.8787878787878788
        },
        "intention->action:3": {
            "count": 99,
            "correct": 76,
            "accuracy": 0.7676767676767676
        },
        "intention->action:4": {
            "count": 99,
            "correct": 71,
            "accuracy": 0.7171717171717171
        },
        "intention->action:5": {
            "count": 99,
            "correct": 67,
            "accuracy": 0.6767676767676768
        },
        "belief:1": {
            "count": 99,
            "correct": 81,
            "accuracy": 0.8181818181818182
        },
        "belief:2": {
            "count": 99,
            "correct": 72,
            "accuracy": 0.7272727272727273
        },
        "belief:3": {
            "count": 99,
            "correct": 59,
            "accuracy": 0.5959595959595959
        },
        "belief:4": {
            "count": 99,
            "correct": 61,
            "accuracy": 0.6161616161616161
        },
        "belief:5": {
            "count": 99,
            "correct": 62,
            "accuracy": 0.6262626262626263
        },
        "emotion:1": {
            "count": 99,
            "correct": 92,
            "accuracy": 0.9292929292929293
        },
        "emotion:2": {
            "count": 99,
            "correct": 78,
            "accuracy": 0.7878787878787878
        },
        "emotion:3": {
            "count": 99,
            "correct": 89,
            "accuracy": 0.898989898989899
        },
        "emotion:4": {
            "count": 99,
            "correct": 93,
            "accuracy": 0.9393939393939394
        },
        "emotion:5": {
            "count": 99,
            "correct": 98,
            "accuracy": 0.98989898989899
        },
        "intention:1": {
            "count": 99,
            "correct": 78,
            "accuracy": 0.7878787878787878
        },
        "intention:2": {
            "count": 99,
            "correct": 91,
            "accuracy": 0.9191919191919192
        },
        "intention:3": {
            "count": 99,
            "correct": 79,
            "accuracy": 0.797979797979798
        },
        "intention:4": {
            "count": 99,
            "correct": 80,
            "accuracy": 0.8080808080808081
        },
        "intention:5": {
            "count": 99,
            "correct": 78,
            "accuracy": 0.7878787878787878
        },
        "action:1": {
            "count": 99,
            "correct": 97,
            "accuracy": 0.9797979797979798
        },
        "action:2": {
            "count": 99,
            "correct": 94,
            "accuracy": 0.9494949494949495
        },
        "action:3": {
            "count": 99,
            "correct": 98,
            "accuracy": 0.98989898989899
        },
        "action:4": {
            "count": 99,
            "correct": 95,
            "accuracy": 0.9595959595959596
        },
        "action:5": {
            "count": 99,
            "correct": 93,
            "accuracy": 0.9393939393939394
        }
    },
    "time": {
        "1->2": {
            "count": 792,
            "correct": 410,
            "accuracy": 0.5176767676767676
        },
        "2->3": {
            "count": 792,
            "correct": 269,
            "accuracy": 0.33964646464646464
        },
        "3->4": {
            "count": 792,
            "correct": 250,
            "accuracy": 0.31565656565656564
        },
        "4->5": {
            "count": 792,
            "correct": 433,
            "accuracy": 0.5467171717171717
        },
        "1": {
            "count": 693,
            "correct": 564,
            "accuracy": 0.8138528138528138
        },
        "2": {
            "count": 693,
            "correct": 532,
            "accuracy": 0.7676767676767676
        },
        "3": {
            "count": 693,
            "correct": 478,
            "accuracy": 0.6897546897546898
        },
        "4": {
            "count": 693,
            "correct": 470,
            "accuracy": 0.6782106782106783
        },
        "5": {
            "count": 693,
            "correct": 515,