{
    "accuracy": 0.15811665495432187,
    "error_map": {
        "type_d_how_time_order": {
            "count": 128,
            "percentage": 0.021368948247078464
        },
        "type_d_how_recognize_belief_emotion_intention_action": {
            "count": 133,
            "percentage": 0.022203672787979967
        },
        "type_d_how_recognize_time_stage_completeness": {
            "count": 73,
            "percentage": 0.012186978297161937
        },
        "not answered": {
            "count": 1335,
            "percentage": 0.22287145242070117
        },
        "type_d_whether_time_stage": {
            "count": 427,
            "percentage": 0.07128547579298831
        },
        "type_d_whether_recognize_if_change": {
            "count": 116,
            "percentage": 0.019365609348914858
        },
        "type_c_how_time_stage": {
            "count": 502,
            "percentage": 0.08380634390651086
        },
        "type_c_how_recognizae_influence_between_not_belief_emotion": {
            "count": 514,
            "percentage": 0.08580968280467446
        },
        "chosen answer not in the option": {
            "count": 325,
            "percentage": 0.05425709515859766
        },
        "type_a_what_recognize_belief_emotion_intention_action": {
            "count": 604,
            "percentage": 0.1008347245409015
        },
        "type_a_what_time_stage": {
            "count": 723,
            "percentage": 0.12070116861435726
        },
        "total": {
            "count": 5990,
            "percentage": 1.0
        },
        "type_d_why_recognize_belief_emotion_intention_action": {
            "count": 863,
            "percentage": 0.14407345575959934
        },
        "type_d_why_time_stage": {
            "count": 247,
            "percentage": 0.04123539232053423
        }
    },
    "error_count": 5990,
    "count_all": 7115
}