{"mental_state": {"belief": {"all": 1881, "correct": 305, "accuracy": 0.1621477937267411}, "emotion": {"all": 1881, "correct": 325, "accuracy": 0.17278043593833067}, "intention": {"all": 1881, "correct": 306, "accuracy": 0.16267942583732056}, "action": {"all": 1386, "correct": 177, "accuracy": 0.1277056277056277}}, "q_type": {"understanding": {"all": 1980, "correct": 403, "accuracy": 0.20353535353535354}, "transformation": {"all": 3564, "correct": 358, "accuracy": 0.10044893378226712}, "influence": {"all": 1485, "correct": 352, "accuracy": 0.23703703703703705}}}