{"belief": {"understanding": {"all": 495, "correct": 104, "accuracy": 0.2101010101010101}, "transformation": {"all": 891, "correct": 96, "accuracy": 0.10774410774410774}, "influence": {"all": 495, "correct": 105, "accuracy": 0.21212121212121213}}, "emotion": {"understanding": {"all": 495, "correct": 109, "accuracy": 0.2202020202020202}, "transformation": {"all": 891, "correct": 94, "accuracy": 0.10549943883277217}, "influence": {"all": 495, "correct": 122, "accuracy": 0.24646464646464647}}, "intention": {"understanding": {"all": 495, "correct": 97, "accuracy": 0.19595959595959597}, "transformation": {"all": 891, "correct": 84, "accuracy": 0.09427609427609428}, "influence": {"all": 495, "correct": 125, "accuracy": 0.25252525252525254}}, "action": {"understanding": {"all": 495, "correct": 93, "accuracy": 0.18787878787878787}, "transformation": {"all": 891, "correct": 84, "accuracy": 0.09427609427609428}}, "all": {"all": 7029, "correct": 1113, "accuracy": 0.15834400341442595}}