{
    "accuracy": 0.16185915492957748,
    "error_map": {
        "type_d_how_recognize_belief_emotion_intention_action": {
            "count": 1291,
            "percentage": 0.021694562075687304
        },
        "type_d_how_recognize_time_stage_completeness": {
            "count": 566,
            "percentage": 0.00951132620824091
        },
        "type_d_why_recognize_belief_emotion_intention_action": {
            "count": 9732,
            "percentage": 0.16354103649929422
        },
        "type_d_why_time_stage": {
            "count": 2502,
            "percentage": 0.04204476709013914
        },
        "not answered": {
            "count": 8187,
            "percentage": 0.1375781407541843
        },
        "type_c_how_time_stage": {
            "count": 5249,
            "percentage": 0.08820662768031189
        },
        "type_c_how_recognizae_influence_between_not_belief_emotion": {
            "count": 5221,
            "percentage": 0.08773610270887948
        },
        "chosen answer not in the option": {
            "count": 4225,
            "percentage": 0.07099885729649795
        },
        "type_a_what_time_stage": {
            "count": 7715,
            "percentage": 0.12964643409289509
        },
        "type_a_what_recognize_belief_emotion_intention_action": {
            "count": 6366,
            "percentage": 0.10697721314781206
        },
        "total": {
            "count": 59508,
            "percentage": 1.0
        },
        "type_d_how_time_order": {
            "count": 1522,
            "percentage": 0.025576393090004704
        },
        "type_d_whether_time_stage": {
            "count": 5531,
            "percentage": 0.0929454863211669
        },
        "type_d_whether_recognize_if_change": {
            "count": 1391,
            "percentage": 0.023375008402231633
        },
        "true_answer": {
            "count": 10,
            "percentage": 0.00016804463265443302
        }
    },
    "error_count": 59508,
    "count_all": 71000
}