{"mental_state": {"belief": {"all": 19000, "correct": 3100, "accuracy": 0.1631578947368421}, "emotion": {"all": 19000, "correct": 3414, "accuracy": 0.17968421052631578}, "intention": {"all": 19000, "correct": 3075, "accuracy": 0.1618421052631579}, "action": {"all": 14000, "correct": 1900, "accuracy": 0.1357142857142857}}, "q_type": {"understanding": {"all": 20000, "correct": 4088, "accuracy": 0.2044}, "transformation": {"all": 36000, "correct": 3903, "accuracy": 0.10841666666666666}, "influence": {"all": 15000, "correct": 3498, "accuracy": 0.2332}}}