{
    "question_all": {
        "belief:1->2": {
            "count": 198,
            "correct": 22,
            "accuracy": 0.1111111111111111
        },
        "belief:2->3": {
            "count": 198,
            "correct": 13,
            "accuracy": 0.06565656565656566
        },
        "belief:3->4": {
            "count": 198,
            "correct": 19,
            "accuracy": 0.09595959595959595
        },
        "belief:4->5": {
            "count": 198,
            "correct": 23,
            "accuracy": 0.11616161616161616
        },
        "emotion:1->2": {
            "count": 198,
            "correct": 28,
            "accuracy": 0.1414141414141414
        },
        "emotion:2->3": {
            "count": 198,
            "correct": 19,
            "accuracy": 0.09595959595959595
        },
        "emotion:3->4": {
            "count": 198,
            "correct": 13,
            "accuracy": 0.06565656565656566
        },
        "emotion:4->5": {
            "count": 198,
            "correct": 20,
            "accuracy": 0.10101010101010101
        },
        "intention:1->2": {
            "count": 198,
            "correct": 20,
            "accuracy": 0.10101010101010101
        },
        "intention:2->3": {
            "count": 198,
            "correct": 19,
            "accuracy": 0.09595959595959595
        },
        "intention:3->4": {
            "count": 198,
            "correct": 18,
            "accuracy": 0.09090909090909091
        },
        "intention:4->5": {
            "count": 198,
            "correct": 16,
            "accuracy": 0.08080808080808081
        },
        "action:1->2": {
            "count": 198,
            "correct": 28,
            "accuracy": 0.1414141414141414
        },
        "action:2->3": {
            "count": 198,
            "correct": 17,
            "accuracy": 0.08585858585858586
        },
        "action:3->4": {
            "count": 198,
            "correct": 14,
            "accuracy": 0.0707070707070707
        },
        "action:4->5": {
            "count": 198,
            "correct": 12,
            "accuracy": 0.06060606060606061
        },
        "belief->emotion:1": {
            "count": 99,
            "correct": 20,
            "accuracy": 0.20202020202020202
        },
        "belief->emotion:2": {
            "count": 99,
            "correct": 19,
            "accuracy": 0.1919191919191919
        },
        "belief->emotion:3": {
            "count": 99,
            "correct": 12,
            "accuracy": 0.12121212121212122
        },
        "belief->emotion:4": {
            "count": 99,
            "correct": 17,
            "accuracy": 0.1717171717171717
        },
        "belief->emotion:5": {
            "count": 99,
            "correct": 37,
            "accuracy": 0.37373737373737376
        },
        "belief&emotion->intention:1": {
            "count": 99,
            "correct": 34,
            "accuracy": 0.3434343434343434
        },
        "belief&emotion->intention:2": {
            "count": 99,
            "correct": 19,
            "accuracy": 0.1919191919191919
        },
        "belief&emotion->intention:3": {
            "count": 99,
            "correct": 25,
            "accuracy": 0.25252525252525254
        },
        "belief&emotion->intention:4": {
            "count": 99,
            "correct": 23,
            "accuracy": 0.23232323232323232
        },
        "belief&emotion->intention:5": {
            "count": 99,
            "correct": 21,
            "accuracy": 0.21212121212121213
        },
        "intention->action:1": {
            "count": 99,
            "correct": 45,
            "accuracy": 0.45454545454545453
        },
        "intention->action:2": {
            "count": 99,
            "correct": 27,
            "accuracy": 0.2727272727272727
        },
        "intention->action:3": {
            "count": 99,
            "correct": 17,
            "accuracy": 0.1717171717171717
        },
        "intention->action:4": {
            "count": 99,
            "correct": 19,
            "accuracy": 0.1919191919191919
        },
        "intention->action:5": {
            "count": 99,
            "correct": 17,
            "accuracy": 0.1717171717171717
        },
        "belief:1": {
            "count": 99,
            "correct": 30,
            "accuracy": 0.30303030303030304
        },
        "belief:2": {
            "count": 99,
            "correct": 13,
            "accuracy": 0.13131313131313133
        },
        "belief:3": {
            "count": 99,
            "correct": 20,
            "accuracy": 0.20202020202020202
        },
        "belief:4": {
            "count": 99,
            "correct": 20,
            "accuracy": 0.20202020202020202
        },
        "belief:5": {
            "count": 99,
            "correct": 21,
            "accuracy": 0.21212121212121213
        },
        "emotion:1": {
            "count": 99,
            "correct": 40,
            "accuracy": 0.40404040404040403
        },
        "emotion:2": {
            "count": 99,
            "correct": 24,
            "accuracy": 0.24242424242424243
        },
        "emotion:3": {
            "count": 99,
            "correct": 16,
            "accuracy": 0.16161616161616163
        },
        "emotion:4": {
            "count": 99,
            "correct": 10,
            "accuracy": 0.10101010101010101
        },
        "emotion:5": {
            "count": 99,
            "correct": 19,
            "accuracy": 0.1919191919191919
        },
        "intention:1": {
            "count": 99,
            "correct": 22,
            "accuracy": 0.2222222222222222
        },
        "intention:2": {
            "count": 99,
            "correct": 15,
            "accuracy": 0.15151515151515152
        },
        "intention:3": {
            "count": 99,
            "correct": 24,
            "accuracy": 0.24242424242424243
        },
        "intention:4": {
            "count": 99,
            "correct": 17,
            "accuracy": 0.1717171717171717
        },
        "intention:5": {
            "count": 99,
            "correct": 19,
            "accuracy": 0.1919191919191919
        },
        "action:1": {
            "count": 99,
            "correct": 17,
            "accuracy": 0.1717171717171717
        },
        "action:2": {
            "count": 99,
            "correct": 16,
            "accuracy": 0.16161616161616163
        },
        "action:3": {
            "count": 99,
            "correct": 19,
            "accuracy": 0.1919191919191919
        },
        "action:4": {
            "count": 99,
            "correct": 17,
            "accuracy": 0.1717171717171717
        },
        "action:5": {
            "count": 99,
            "correct": 24,
            "accuracy": 0.24242424242424243
        }
    },
    "time": {
        "1->2": {
            "count": 792,
            "correct": 98,
            "accuracy": 0.12373737373737374
        },
        "2->3": {
            "count": 792,
            "correct": 68,
            "accuracy": 0.08585858585858586
        },
        "3->4": {
            "count": 792,
            "correct": 64,
            "accuracy": 0.08080808080808081
        },
        "4->5": {
            "count": 792,
            "correct": 71,
            "accuracy": 0.08964646464646464
        },
        "1": {
            "count": 693,
            "correct": 208,
            "accuracy": 0.30014430014430016
        },
        "2": {
            "count": 693,
            "correct": 133,
            "accuracy": 0.1919191919191919
        },
        "3": {
            "count": 693,
            "correct": 133,
            "accuracy": 0.1919191919191919
        },
        "4": {
            "count": 693,
            "correct": 123,
            "accuracy": 0.1774891774891775
        },
        "5": {
            "count": 693,
            "correct": 158,