{"belief": {"understanding": {"all": 495, "correct": 78, "accuracy": 0.15757575757575756}, "transformation": {"all": 891, "correct": 128, "accuracy": 0.143658810325477}, "influence": {"all": 495, "correct": 77, "accuracy": 0.15555555555555556}}, "emotion": {"understanding": {"all": 495, "correct": 142, "accuracy": 0.2868686868686869}, "transformation": {"all": 891, "correct": 115, "accuracy": 0.12906846240179573}, "influence": {"all": 495, "correct": 136, "accuracy": 0.27474747474747474}}, "intention": {"understanding": {"all": 495, "correct": 125, "accuracy": 0.25252525252525254}, "transformation": {"all": 891, "correct": 77, "accuracy": 0.08641975308641975}, "influence": {"all": 495, "correct": 159, "accuracy": 0.3212121212121212}}, "action": {"understanding": {"all": 495, "correct": 129, "accuracy": 0.2606060606060606}, "transformation": {"all": 891, "correct": 69, "accuracy": 0.07744107744107744}}, "all": {"all": 7029, "correct": 1235, "accuracy": 0.17570066865841513}}