{"mental_state": {"belief": {"all": 1881, "correct": 283, "accuracy": 0.15045188729399256}, "emotion": {"all": 1881, "correct": 393, "accuracy": 0.20893141945773525}, "intention": {"all": 1881, "correct": 361, "accuracy": 0.1919191919191919}, "action": {"all": 1386, "correct": 198, "accuracy": 0.14285714285714285}}, "q_type": {"understanding": {"all": 1980, "correct": 474, "accuracy": 0.23939393939393938}, "transformation": {"all": 3564, "correct": 389, "accuracy": 0.10914702581369248}, "influence": {"all": 1485, "correct": 372, "accuracy": 0.2505050505050505}}}