{
    "accuracy": 0.25480281690140844,
    "error_map": {
        "type_d_how_time_order": {
            "count": 1693,
            "percentage": 0.03199833676690166
        },
        "type_d_why_recognize_belief_emotion_intention_action": {
            "count": 10284,
            "percentage": 0.19437146799221305
        },
        "type_d_why_time_stage": {
            "count": 2473,
            "percentage": 0.046740630138539754
        },
        "type_d_whether_time_stage": {
            "count": 5077,
            "percentage": 0.09595720954847002
        },
        "type_d_whether_recognize_if_change": {
            "count": 1442,
            "percentage": 0.02725434236141299
        },
        "chosen answer not in the option": {
            "count": 238,
            "percentage": 0.004498289515961367
        },
        "type_c_how_time_stage": {
            "count": 3684,
            "percentage": 0.06962898561681377
        },
        "type_c_how_recognizae_influence_between_not_belief_emotion": {
            "count": 5346,
            "percentage": 0.10104141072407341
        },
        "type_a_what_time_stage": {
            "count": 4854,
            "percentage": 0.09174242567427092
        },
        "type_a_what_recognize_belief_emotion_intention_action": {
            "count": 7721,
            "percentage": 0.14592980400309966
        },
        "total": {
            "count": 52909,
            "percentage": 1.0
        },
        "type_d_how_recognize_belief_emotion_intention_action": {
            "count": 948,
            "percentage": 0.017917556559375533
        },
        "type_d_how_recognize_time_stage_completeness": {
            "count": 438,
            "percentage": 0.008278364739458316
        },
        "not answered": {
            "count": 8692,
            "percentage": 0.16428206921317734
        },
        "true_answer": {
            "count": 19,
            "percentage": 0.00035910714623221005
        }
    },
    "error_count": 52909,
    "count_all": 71000
}