{"mental_state": {"belief": {"all": 19000, "correct": 4212, "accuracy": 0.2216842105263158}, "emotion": {"all": 19000, "correct": 6031, "accuracy": 0.31742105263157894}, "intention": {"all": 19000, "correct": 5050, "accuracy": 0.2657894736842105}, "action": {"all": 14000, "correct": 2798, "accuracy": 0.19985714285714284}}, "q_type": {"understanding": {"all": 20000, "correct": 7173, "accuracy": 0.35865}, "transformation": {"all": 36000, "correct": 5344, "accuracy": 0.14844444444444443}, "influence": {"all": 15000, "correct": 5574, "accuracy": 0.3716}}}