{
    "accuracy": 0.1735769501054111,
    "error_map": {
        "type_d_how_recognize_belief_emotion_intention_action": {
            "count": 66,
            "percentage": 0.011224489795918367
        },
        "type_d_how_time_order": {
            "count": 111,
            "percentage": 0.018877551020408164
        },
        "type_d_why_recognize_belief_emotion_intention_action": {
            "count": 637,
            "percentage": 0.10833333333333334
        },
        "type_d_why_time_stage": {
            "count": 156,
            "percentage": 0.026530612244897958
        },
        "not answered": {
            "count": 3060,
            "percentage": 0.5204081632653061
        },
        "type_d_whether_time_stage": {
            "count": 348,
            "percentage": 0.05918367346938776
        },
        "type_d_whether_recognize_if_change": {
            "count": 87,
            "percentage": 0.01479591836734694
        },
        "type_c_how_time_stage": {
            "count": 210,
            "percentage": 0.03571428571428571
        },
        "type_c_how_recognizae_influence_between_not_belief_emotion": {
            "count": 350,
            "percentage": 0.05952380952380952
        },
        "type_a_what_recognize_belief_emotion_intention_action": {
            "count": 484,
            "percentage": 0.08231292517006802
        },
        "type_a_what_time_stage": {
            "count": 301,
            "percentage": 0.05119047619047619
        },
        "total": {
            "count": 5880,
            "percentage": 1.0
        },
        "chosen answer not in the option": {
            "count": 40,
            "percentage": 0.006802721088435374
        },
        "type_d_how_recognize_time_stage_completeness": {
            "count": 30,
            "percentage": 0.00510204081632653
        }
    },
    "error_count": 5880,
    "count_all": 7115
}