{
    "question_all": {
        "belief:1->2": {
            "count": 198,
            "correct": 28,
            "accuracy": 0.1414141414141414
        },
        "belief:2->3": {
            "count": 198,
            "correct": 19,
            "accuracy": 0.09595959595959595
        },
        "belief:3->4": {
            "count": 198,
            "correct": 26,
            "accuracy": 0.13131313131313133
        },
        "belief:4->5": {
            "count": 198,
            "correct": 43,
            "accuracy": 0.21717171717171718
        },
        "emotion:1->2": {
            "count": 198,
            "correct": 28,
            "accuracy": 0.1414141414141414
        },
        "emotion:2->3": {
            "count": 198,
            "correct": 26,
            "accuracy": 0.13131313131313133
        },
        "emotion:3->4": {
            "count": 198,
            "correct": 18,
            "accuracy": 0.09090909090909091
        },
        "emotion:4->5": {
            "count": 198,
            "correct": 31,
            "accuracy": 0.15656565656565657
        },
        "intention:1->2": {
            "count": 198,
            "correct": 18,
            "accuracy": 0.09090909090909091
        },
        "intention:2->3": {
            "count": 198,
            "correct": 16,
            "accuracy": 0.08080808080808081
        },
        "intention:3->4": {
            "count": 198,
            "correct": 11,
            "accuracy": 0.05555555555555555
        },
        "intention:4->5": {
            "count": 198,
            "correct": 19,
            "accuracy": 0.09595959595959595
        },
        "action:1->2": {
            "count": 198,
            "correct": 17,
            "accuracy": 0.08585858585858586
        },
        "action:2->3": {
            "count": 198,
            "correct": 14,
            "accuracy": 0.0707070707070707
        },
        "action:3->4": {
            "count": 198,
            "correct": 12,
            "accuracy": 0.06060606060606061
        },
        "action:4->5": {
            "count": 198,
            "correct": 14,
            "accuracy": 0.0707070707070707
        },
        "belief->emotion:1": {
            "count": 99,
            "correct": 16,
            "accuracy": 0.16161616161616163
        },
        "belief->emotion:2": {
            "count": 99,
            "correct": 12,
            "accuracy": 0.12121212121212122
        },
        "belief->emotion:3": {
            "count": 99,
            "correct": 5,
            "accuracy": 0.050505050505050504
        },
        "belief->emotion:4": {
            "count": 99,
            "correct": 10,
            "accuracy": 0.10101010101010101
        },
        "belief->emotion:5": {
            "count": 99,
            "correct": 34,
            "accuracy": 0.3434343434343434
        },
        "belief&emotion->intention:1": {
            "count": 99,
            "correct": 38,
            "accuracy": 0.3838383838383838
        },
        "belief&emotion->intention:2": {
            "count": 99,
            "correct": 26,
            "accuracy": 0.26262626262626265
        },
        "belief&emotion->intention:3": {
            "count": 99,
            "correct": 23,
            "accuracy": 0.23232323232323232
        },
        "belief&emotion->intention:4": {
            "count": 99,
            "correct": 20,
            "accuracy": 0.20202020202020202
        },
        "belief&emotion->intention:5": {
            "count": 99,
            "correct": 29,
            "accuracy": 0.29292929292929293
        },
        "intention->action:1": {
            "count": 99,
            "correct": 47,
            "accuracy": 0.47474747474747475
        },
        "intention->action:2": {
            "count": 99,
            "correct": 32,
            "accuracy": 0.32323232323232326
        },
        "intention->action:3": {
            "count": 99,
            "correct": 25,
            "accuracy": 0.25252525252525254
        },
        "intention->action:4": {
            "count": 99,
            "correct": 26,
            "accuracy": 0.26262626262626265
        },
        "intention->action:5": {
            "count": 99,
            "correct": 29,
            "accuracy": 0.29292929292929293
        },
        "belief:1": {
            "count": 99,
            "correct": 23,
            "accuracy": 0.23232323232323232
        },
        "belief:2": {
            "count": 99,
            "correct": 17,
            "accuracy": 0.1717171717171717
        },
        "belief:3": {
            "count": 99,
            "correct": 11,
            "accuracy": 0.1111111111111111
        },
        "belief:4": {
            "count": 99,
            "correct": 7,
            "accuracy": 0.0707070707070707
        },
        "belief:5": {
            "count": 99,
            "correct": 20,
            "accuracy": 0.20202020202020202
        },
        "emotion:1": {
            "count": 99,
            "correct": 44,
            "accuracy": 0.4444444444444444
        },
        "emotion:2": {
            "count": 99,
            "correct": 19,
            "accuracy": 0.1919191919191919
        },
        "emotion:3": {
            "count": 99,
            "correct": 22,
            "accuracy": 0.2222222222222222
        },
        "emotion:4": {
            "count": 99,
            "correct": 21,
            "accuracy": 0.21212121212121213
        },
        "emotion:5": {
            "count": 99,
            "correct": 36,
            "accuracy": 0.36363636363636365
        },
        "intention:1": {
            "count": 99,
            "correct": 42,
            "accuracy": 0.42424242424242425
        },
        "intention:2": {
            "count": 99,
            "correct": 20,
            "accuracy": 0.20202020202020202
        },
        "intention:3": {
            "count": 99,
            "correct": 25,
            "accuracy": 0.25252525252525254
        },
        "intention:4": {
            "count": 99,
            "correct": 16,
            "accuracy": 0.16161616161616163
        },
        "intention:5": {
            "count": 99,
            "correct": 22,
            "accuracy": 0.2222222222222222
        },
        "action:1": {
            "count": 99,
            "correct": 41,
            "accuracy": 0.41414141414141414
        },
        "action:2": {
            "count": 99,
            "correct": 18,
            "accuracy": 0.18181818181818182
        },
        "action:3": {
            "count": 99,
            "correct": 20,
            "accuracy": 0.20202020202020202
        },
        "action:4": {
            "count": 99,
            "correct": 20,
            "accuracy": 0.20202020202020202
        },
        "action:5": {
            "count": 99,
            "correct": 30,
            "accuracy": 0.30303030303030304
        }
    },
    "time": {
        "1->2": {
            "count": 792,
            "correct": 91,
            "accuracy": 0.1148989898989899
        },
        "2->3": {
            "count": 792,
            "correct": 75,
            "accuracy": 0.0946969696969697
        },
        "3->4": {
            "count": 792,
            "correct": 67,
            "accuracy": 0.0845959595959596
        },
        "4->5": {
            "count": 792,
            "correct": 107,
            "accuracy": 0.1351010101010101
        },
        "1": {
            "count": 693,
            "correct": 251,
            "accuracy": 0.3621933621933622
        },
        "2": {
            "count": 693,
            "correct": 144,
            "accuracy": 0.2077922077922078
        },
        "3": {
            "count": 693,
            "correct": 131,
            "accuracy": 0.18903318903318903
        },
        "4": {
            "count": 693,
            "correct": 120,
            "accuracy": 0.17316017316017315
        },
        "5": {
            "count": 693,
            "correct": 200,