{"mental_state": {"belief": {"all": 1881, "correct": 386, "accuracy": 0.2052099946836789}, "emotion": {"all": 1881, "correct": 553, "accuracy": 0.29399255715045186}, "intention": {"all": 1881, "correct": 423, "accuracy": 0.22488038277511962}, "action": {"all": 1386, "correct": 265, "accuracy": 0.1911976911976912}}, "q_type": {"understanding": {"all": 1980, "correct": 597, "accuracy": 0.3015151515151515}, "transformation": {"all": 3564, "correct": 661, "accuracy": 0.18546576879910212}, "influence": {"all": 1485, "correct": 369, "accuracy": 0.24848484848484848}}}