{"mental_state": {"belief": {"all": 19000, "correct": 8995, "accuracy": 0.47342105263157896}, "emotion": {"all": 19000, "correct": 10959, "accuracy": 0.5767894736842105}, "intention": {"all": 19000, "correct": 11382, "accuracy": 0.5990526315789474}, "action": {"all": 14000, "correct": 6265, "accuracy": 0.4475}}, "q_type": {"understanding": {"all": 20000, "correct": 16265, "accuracy": 0.81325}, "transformation": {"all": 36000, "correct": 11746, "accuracy": 0.3262777777777778}, "influence": {"all": 15000, "correct": 9590, "accuracy": 0.6393333333333333}}}