{"belief": {"understanding": {"all": 495, "correct": 352, "accuracy": 0.7111111111111111}, "transformation": {"all": 891, "correct": 352, "accuracy": 0.3950617283950617}, "influence": {"all": 495, "correct": 187, "accuracy": 0.37777777777777777}}, "emotion": {"understanding": {"all": 495, "correct": 430, "accuracy": 0.8686868686868687}, "transformation": {"all": 891, "correct": 362, "accuracy": 0.4062850729517396}, "influence": {"all": 495, "correct": 339, "accuracy": 0.6848484848484848}}, "intention": {"understanding": {"all": 495, "correct": 411, "accuracy": 0.8303030303030303}, "transformation": {"all": 891, "correct": 314, "accuracy": 0.35241301907968575}, "influence": {"all": 495, "correct": 429, "accuracy": 0.8666666666666667}}, "action": {"understanding": {"all": 495, "correct": 437, "accuracy": 0.8828282828282829}, "transformation": {"all": 891, "correct": 237, "accuracy": 0.265993265993266}}, "all": {"all": 7029, "correct": 3850, "accuracy": 0.5477308294209703}}