{"belief": {"understanding": {"all": 495, "correct": 138, "accuracy": 0.2787878787878788}, "transformation": {"all": 891, "correct": 163, "accuracy": 0.1829405162738496}, "influence": {"all": 495, "correct": 85, "accuracy": 0.1717171717171717}}, "emotion": {"understanding": {"all": 495, "correct": 211, "accuracy": 0.4262626262626263}, "transformation": {"all": 891, "correct": 165, "accuracy": 0.18518518518518517}, "influence": {"all": 495, "correct": 177, "accuracy": 0.3575757575757576}}, "intention": {"understanding": {"all": 495, "correct": 147, "accuracy": 0.296969696969697}, "transformation": {"all": 891, "correct": 169, "accuracy": 0.18967452300785634}, "influence": {"all": 495, "correct": 107, "accuracy": 0.21616161616161617}}, "action": {"understanding": {"all": 495, "correct": 101, "accuracy": 0.20404040404040405}, "transformation": {"all": 891, "correct": 164, "accuracy": 0.1840628507295174}}, "all": {"all": 7029, "correct": 1627, "accuracy": 0.231469625835823}}