{
    "accuracy": 0.5295915492957747,
    "error_map": {
        "type_d_how_time_order": {
            "count": 1234,
            "percentage": 0.036947213988442765
        },
        "type_d_why_recognize_belief_emotion_intention_action": {
            "count": 11571,
            "percentage": 0.34644749842809663
        },
        "type_d_why_time_stage": {
            "count": 2460,
            "percentage": 0.07365489984730082
        },
        "type_d_whether_time_stage": {
            "count": 4401,
            "percentage": 0.13177041228779304
        },
        "type_d_whether_recognize_if_change": {
            "count": 859,
            "percentage": 0.025719332914159107
        },
        "type_c_how_time_stage": {
            "count": 1115,
            "percentage": 0.033384233060870086
        },
        "type_c_how_recognizae_influence_between_not_belief_emotion": {
            "count": 4277,
            "percentage": 0.12805772627922993
        },
        "type_a_what_time_stage": {
            "count": 2373,
            "percentage": 0.07105003143806701
        },
        "total": {
            "count": 33399,
            "percentage": 1.0
        },
        "type_d_how_recognize_belief_emotion_intention_action": {
            "count": 1012,
            "percentage": 0.030300308392466842
        },
        "not answered": {
            "count": 2336,
            "percentage": 0.0699422138387377
        },
        "type_a_what_recognize_belief_emotion_intention_action": {
            "count": 1346,
            "percentage": 0.04030060780262882
        },
        "type_d_how_recognize_time_stage_completeness": {
            "count": 324,
            "percentage": 0.009700889248181084
        },
        "true_answer": {
            "count": 16,
            "percentage": 0.0004790562591694362
        },
        "chosen answer not in the option": {
            "count": 75,
            "percentage": 0.0022455762148567322
        }
    },
    "error_count": 33399,
    "count_all": 71000
}