{
    "accuracy": 0.2219718309859155,
    "error_map": {
        "type_d_how_recognize_belief_emotion_intention_action": {
            "count": 1314,
            "percentage": 0.02378711078928313
        },
        "type_d_how_time_order": {
            "count": 1316,
            "percentage": 0.02382331643736423
        },
        "type_d_why_recognize_belief_emotion_intention_action": {
            "count": 11216,
            "percentage": 0.20304127443881245
        },
        "type_d_why_time_stage": {
            "count": 2971,
            "percentage": 0.05378349022447502
        },
        "type_d_whether_time_stage": {
            "count": 7994,
            "percentage": 0.14471397538015932
        },
        "chosen answer not in the option": {
            "count": 2389,
            "percentage": 0.043247646632874726
        },
        "type_d_whether_recognize_if_change": {
            "count": 2399,
            "percentage": 0.04342867487328023
        },
        "type_c_how_recognizae_influence_between_not_belief_emotion": {
            "count": 5845,
            "percentage": 0.10581100651701665
        },
        "type_c_how_time_stage": {
            "count": 5133,
            "percentage": 0.09292179580014483
        },
        "type_a_what_time_stage": {
            "count": 5369,
            "percentage": 0.0971940622737147
        },
        "type_a_what_recognize_belief_emotion_intention_action": {
            "count": 6789,
            "percentage": 0.12290007241129616
        },
        "total": {
            "count": 55240,
            "percentage": 1.0
        },
        "not answered": {
            "count": 1975,
            "percentage": 0.035753077480086895
        },
        "type_d_how_recognize_time_stage_completeness": {
            "count": 519,
            "percentage": 0.009395365677045618
        },
        "true_answer": {
            "count": 11,
            "percentage": 0.0001991310644460536
        }
    },
    "error_count": 55240,
    "count_all": 71000
}