{
    "accuracy": 0.2303583977512298,
    "error_map": {
        "not answered": {
            "count": 259,
            "percentage": 0.0472972972972973
        },
        "total": {
            "count": 5476,
            "percentage": 1.0
        },
        "type_d_how_recognize_belief_emotion_intention_action": {
            "count": 144,
            "percentage": 0.026296566837107377
        },
        "type_d_why_recognize_belief_emotion_intention_action": {
            "count": 1160,
            "percentage": 0.21183345507669832
        },
        "type_d_why_time_stage": {
            "count": 291,
            "percentage": 0.05314097881665449
        },
        "type_d_whether_time_stage": {
            "count": 808,
            "percentage": 0.14755295836376917
        },
        "type_d_whether_recognize_if_change": {
            "count": 246,
            "percentage": 0.04492330168005844
        },
        "type_c_how_time_stage": {
            "count": 527,
            "percentage": 0.09623813002191381
        },
        "type_c_how_recognizae_influence_between_not_belief_emotion": {
            "count": 570,
            "percentage": 0.10409057706355003
        },
        "type_a_what_recognize_belief_emotion_intention_action": {
            "count": 650,
            "percentage": 0.11869978086194302
        },
        "type_a_what_time_stage": {
            "count": 536,
            "percentage": 0.09788166544923302
        },
        "type_d_how_time_order": {
            "count": 112,
            "percentage": 0.020452885317750184
        },
        "chosen answer not in the option": {
            "count": 135,
            "percentage": 0.024653031409788168
        },
        "type_d_how_recognize_time_stage_completeness": {
            "count": 37,
            "percentage": 0.006756756756756757
        },
        "true_answer": {
            "count": 1,
            "percentage": 0.00018261504747991235
        }
    },
    "error_count": 5476,
    "count_all": 7115
}