{
    "accuracy": 0.5471539002108222,
    "error_map": {
        "type_d_how_time_order": {
            "count": 127,
            "percentage": 0.03941651148355059
        },
        "type_d_why_time_stage": {
            "count": 242,
            "percentage": 0.07510862818125388
        },
        "type_d_why_recognize_belief_emotion_intention_action": {
            "count": 1123,
            "percentage": 0.34854127870887647
        },
        "type_d_whether_time_stage": {
            "count": 438,
            "percentage": 0.13594040968342644
        },
        "type_d_whether_recognize_if_change": {
            "count": 102,
            "percentage": 0.03165735567970205
        },
        "type_c_how_recognizae_influence_between_not_belief_emotion": {
            "count": 411,
            "percentage": 0.12756052141527002
        },
        "type_a_what_time_stage": {
            "count": 251,
            "percentage": 0.07790192427063936
        },
        "total": {
            "count": 3222,
            "percentage": 1.0
        },
        "type_d_how_recognize_belief_emotion_intention_action": {
            "count": 95,
            "percentage": 0.029484792054624457
        },
        "not answered": {
            "count": 168,
            "percentage": 0.0521415270018622
        },
        "type_c_how_time_stage": {
            "count": 127,
            "percentage": 0.03941651148355059
        },
        "type_a_what_recognize_belief_emotion_intention_action": {
            "count": 104,
            "percentage": 0.03227808814400993
        },
        "type_d_how_recognize_time_stage_completeness": {
            "count": 29,
            "percentage": 0.009000620732464307
        },
        "chosen answer not in the option": {
            "count": 4,
            "percentage": 0.0012414649286157666
        },
        "true_answer": {
            "count": 1,
            "percentage": 0.00031036623215394165
        }
    },
    "error_count": 3222,
    "count_all": 7115
}