{"mental_state": {"belief": {"all": 1881, "correct": 891, "accuracy": 0.47368421052631576}, "emotion": {"all": 1881, "correct": 1131, "accuracy": 0.6012759170653907}, "intention": {"all": 1881, "correct": 1154, "accuracy": 0.6135034556087188}, "action": {"all": 1386, "correct": 674, "accuracy": 0.4862914862914863}}, "q_type": {"understanding": {"all": 1980, "correct": 1630, "accuracy": 0.8232323232323232}, "transformation": {"all": 3564, "correct": 1265, "accuracy": 0.3549382716049383}, "influence": {"all": 1485, "correct": 955, "accuracy": 0.6430976430976431}}}