{
    "question_all": {
        "belief:1->2": {
            "count": 198,
            "correct": 39,
            "accuracy": 0.19696969696969696
        },
        "belief:2->3": {
            "count": 198,
            "correct": 26,
            "accuracy": 0.13131313131313133
        },
        "belief:3->4": {
            "count": 198,
            "correct": 28,
            "accuracy": 0.1414141414141414
        },
        "belief:4->5": {
            "count": 198,
            "correct": 46,
            "accuracy": 0.23232323232323232
        },
        "emotion:1->2": {
            "count": 198,
            "correct": 45,
            "accuracy": 0.22727272727272727
        },
        "emotion:2->3": {
            "count": 198,
            "correct": 39,
            "accuracy": 0.19696969696969696
        },
        "emotion:3->4": {
            "count": 198,
            "correct": 20,
            "accuracy": 0.10101010101010101
        },
        "emotion:4->5": {
            "count": 198,
            "correct": 39,
            "accuracy": 0.19696969696969696
        },
        "intention:1->2": {
            "count": 198,
            "correct": 42,
            "accuracy": 0.21212121212121213
        },
        "intention:2->3": {
            "count": 198,
            "correct": 40,
            "accuracy": 0.20202020202020202
        },
        "intention:3->4": {
            "count": 198,
            "correct": 29,
            "accuracy": 0.14646464646464646
        },
        "intention:4->5": {
            "count": 198,
            "correct": 34,
            "accuracy": 0.1717171717171717
        },
        "action:1->2": {
            "count": 198,
            "correct": 52,
            "accuracy": 0.26262626262626265
        },
        "action:2->3": {
            "count": 198,
            "correct": 19,
            "accuracy": 0.09595959595959595
        },
        "action:3->4": {
            "count": 198,
            "correct": 33,
            "accuracy": 0.16666666666666666
        },
        "action:4->5": {
            "count": 198,
            "correct": 27,
            "accuracy": 0.13636363636363635
        },
        "belief->emotion:1": {
            "count": 99,
            "correct": 23,
            "accuracy": 0.23232323232323232
        },
        "belief->emotion:2": {
            "count": 99,
            "correct": 8,
            "accuracy": 0.08080808080808081
        },
        "belief->emotion:3": {
            "count": 99,
            "correct": 15,
            "accuracy": 0.15151515151515152
        },
        "belief->emotion:4": {
            "count": 99,
            "correct": 10,
            "accuracy": 0.10101010101010101
        },
        "belief->emotion:5": {
            "count": 99,
            "correct": 29,
            "accuracy": 0.29292929292929293
        },
        "belief&emotion->intention:1": {
            "count": 99,
            "correct": 53,
            "accuracy": 0.5353535353535354
        },
        "belief&emotion->intention:2": {
            "count": 99,
            "correct": 30,
            "accuracy": 0.30303030303030304
        },
        "belief&emotion->intention:3": {
            "count": 99,
            "correct": 28,
            "accuracy": 0.2828282828282828
        },
        "belief&emotion->intention:4": {
            "count": 99,
            "correct": 21,
            "accuracy": 0.21212121212121213
        },
        "belief&emotion->intention:5": {
            "count": 99,
            "correct": 45,
            "accuracy": 0.45454545454545453
        },
        "intention->action:1": {
            "count": 99,
            "correct": 31,
            "accuracy": 0.31313131313131315
        },
        "intention->action:2": {
            "count": 99,
            "correct": 17,
            "accuracy": 0.1717171717171717
        },
        "intention->action:3": {
            "count": 99,
            "correct": 23,
            "accuracy": 0.23232323232323232
        },
        "intention->action:4": {
            "count": 99,
            "correct": 19,
            "accuracy": 0.1919191919191919
        },
        "intention->action:5": {
            "count": 99,
            "correct": 17,
            "accuracy": 0.1717171717171717
        },
        "belief:1": {
            "count": 99,
            "correct": 57,
            "accuracy": 0.5757575757575758
        },
        "belief:2": {
            "count": 99,
            "correct": 17,
            "accuracy": 0.1717171717171717
        },
        "belief:3": {
            "count": 99,
            "correct": 18,
            "accuracy": 0.18181818181818182
        },
        "belief:4": {
            "count": 99,
            "correct": 15,
            "accuracy": 0.15151515151515152
        },
        "belief:5": {
            "count": 99,
            "correct": 31,
            "accuracy": 0.31313131313131315
        },
        "emotion:1": {
            "count": 99,
            "correct": 54,
            "accuracy": 0.5454545454545454
        },
        "emotion:2": {
            "count": 99,
            "correct": 34,
            "accuracy": 0.3434343434343434
        },
        "emotion:3": {
            "count": 99,
            "correct": 34,
            "accuracy": 0.3434343434343434
        },
        "emotion:4": {
            "count": 99,
            "correct": 36,
            "accuracy": 0.36363636363636365
        },
        "emotion:5": {
            "count": 99,
            "correct": 53,
            "accuracy": 0.5353535353535354
        },
        "intention:1": {
            "count": 99,
            "correct": 46,
            "accuracy": 0.46464646464646464
        },
        "intention:2": {
            "count": 99,
            "correct": 37,
            "accuracy": 0.37373737373737376
        },
        "intention:3": {
            "count": 99,
            "correct": 19,
            "accuracy": 0.1919191919191919
        },
        "intention:4": {
            "count": 99,
            "correct": 22,
            "accuracy": 0.2222222222222222
        },
        "intention:5": {
            "count": 99,
            "correct": 23,
            "accuracy": 0.23232323232323232
        },
        "action:1": {
            "count": 99,
            "correct": 37,
            "accuracy": 0.37373737373737376
        },
        "action:2": {
            "count": 99,
            "correct": 22,
            "accuracy": 0.2222222222222222
        },
        "action:3": {
            "count": 99,
            "correct": 9,
            "accuracy": 0.09090909090909091
        },
        "action:4": {
            "count": 99,
            "correct": 13,
            "accuracy": 0.13131313131313133
        },
        "action:5": {
            "count": 99,
            "correct": 20,
            "accuracy": 0.20202020202020202
        }
    },
    "time": {
        "1->2": {
            "count": 792,
            "correct": 178,
            "accuracy": 0.22474747474747475
        },
        "2->3": {
            "count": 792,
            "correct": 124,
            "accuracy": 0.15656565656565657
        },
        "3->4": {
            "count": 792,
            "correct": 110,
            "accuracy": 0.1388888888888889
        },
        "4->5": {
            "count": 792,
            "correct": 146,
            "accuracy": 0.18434343434343434
        },
        "1": {
            "count": 693,
            "correct": 301,
            "accuracy": 0.43434343434343436
        },
        "2": {
            "count": 693,
            "correct": 165,
            "accuracy": 0.23809523809523808
        },
        "3": {
            "count": 693,
            "correct": 146,
            "accuracy": 0.2106782106782107
        },
        "4": {
            "count": 693,
            "correct": 136,
            "accuracy": 0.19624819624819625
        },
        "5": {
            "count": 693,
            "correct": 218,