{
    "question_all": {
        "belief:1->2": {
            "count": 198,
            "correct": 91,
            "accuracy": 0.4595959595959596
        },
        "belief:2->3": {
            "count": 198,
            "correct": 69,
            "accuracy": 0.3484848484848485
        },
        "belief:3->4": {
            "count": 198,
            "correct": 58,
            "accuracy": 0.29292929292929293
        },
        "belief:4->5": {
            "count": 198,
            "correct": 100,
            "accuracy": 0.5050505050505051
        },
        "emotion:1->2": {
            "count": 198,
            "correct": 86,
            "accuracy": 0.43434343434343436
        },
        "emotion:2->3": {
            "count": 198,
            "correct": 66,
            "accuracy": 0.3333333333333333
        },
        "emotion:3->4": {
            "count": 198,
            "correct": 69,
            "accuracy": 0.3484848484848485
        },
        "emotion:4->5": {
            "count": 198,
            "correct": 101,
            "accuracy": 0.51010101010101
        },
        "intention:1->2": {
            "count": 198,
            "correct": 80,
            "accuracy": 0.40404040404040403
        },
        "intention:2->3": {
            "count": 198,
            "correct": 67,
            "accuracy": 0.3383838383838384
        },
        "intention:3->4": {
            "count": 198,
            "correct": 45,
            "accuracy": 0.22727272727272727
        },
        "intention:4->5": {
            "count": 198,
            "correct": 84,
            "accuracy": 0.42424242424242425
        },
        "action:1->2": {
            "count": 198,
            "correct": 55,
            "accuracy": 0.2777777777777778
        },
        "action:2->3": {
            "count": 198,
            "correct": 40,
            "accuracy": 0.20202020202020202
        },
        "action:3->4": {
            "count": 198,
            "correct": 40,
            "accuracy": 0.20202020202020202
        },
        "action:4->5": {
            "count": 198,
            "correct": 67,
            "accuracy": 0.3383838383838384
        },
        "belief->emotion:1": {
            "count": 99,
            "correct": 46,
            "accuracy": 0.46464646464646464
        },
        "belief->emotion:2": {
            "count": 99,
            "correct": 37,
            "accuracy": 0.37373737373737376
        },
        "belief->emotion:3": {
            "count": 99,
            "correct": 31,
            "accuracy": 0.31313131313131315
        },
        "belief->emotion:4": {
            "count": 99,
            "correct": 25,
            "accuracy": 0.25252525252525254
        },
        "belief->emotion:5": {
            "count": 99,
            "correct": 48,
            "accuracy": 0.48484848484848486
        },
        "belief&emotion->intention:1": {
            "count": 99,
            "correct": 73,
            "accuracy": 0.7373737373737373
        },
        "belief&emotion->intention:2": {
            "count": 99,
            "correct": 72,
            "accuracy": 0.7272727272727273
        },
        "belief&emotion->intention:3": {
            "count": 99,
            "correct": 62,
            "accuracy": 0.6262626262626263
        },
        "belief&emotion->intention:4": {
            "count": 99,
            "correct": 54,
            "accuracy": 0.5454545454545454
        },
        "belief&emotion->intention:5": {
            "count": 99,
            "correct": 78,
            "accuracy": 0.7878787878787878
        },
        "intention->action:1": {
            "count": 99,
            "correct": 96,
            "accuracy": 0.9696969696969697
        },
        "intention->action:2": {
            "count": 99,
            "correct": 88,
            "accuracy": 0.8888888888888888
        },
        "intention->action:3": {
            "count": 99,
            "correct": 93,
            "accuracy": 0.9393939393939394
        },
        "intention->action:4": {
            "count": 99,
            "correct": 85,
            "accuracy": 0.8585858585858586
        },
        "intention->action:5": {
            "count": 99,
            "correct": 67,
            "accuracy": 0.6767676767676768
        },
        "belief:1": {
            "count": 99,
            "correct": 74,
            "accuracy": 0.7474747474747475
        },
        "belief:2": {
            "count": 99,
            "correct": 68,
            "accuracy": 0.6868686868686869
        },
        "belief:3": {
            "count": 99,
            "correct": 56,
            "accuracy": 0.5656565656565656
        },
        "belief:4": {
            "count": 99,
            "correct": 67,
            "accuracy": 0.6767676767676768
        },
        "belief:5": {
            "count": 99,
            "correct": 87,
            "accuracy": 0.8787878787878788
        },
        "emotion:1": {
            "count": 99,
            "correct": 93,
            "accuracy": 0.9393939393939394
        },
        "emotion:2": {
            "count": 99,
            "correct": 70,
            "accuracy": 0.7070707070707071
        },
        "emotion:3": {
            "count": 99,
            "correct": 87,
            "accuracy": 0.8787878787878788
        },
        "emotion:4": {
            "count": 99,
            "correct": 85,
            "accuracy": 0.8585858585858586
        },
        "emotion:5": {
            "count": 99,
            "correct": 95,
            "accuracy": 0.9595959595959596
        },
        "intention:1": {
            "count": 99,
            "correct": 90,
            "accuracy": 0.9090909090909091
        },
        "intention:2": {
            "count": 99,
            "correct": 71,
            "accuracy": 0.7171717171717171
        },
        "intention:3": {
            "count": 99,
            "correct": 71,
            "accuracy": 0.7171717171717171
        },
        "intention:4": {
            "count": 99,
            "correct": 87,
            "accuracy": 0.8787878787878788
        },
        "intention:5": {
            "count": 99,
            "correct": 92,
            "accuracy": 0.9292929292929293
        },
        "action:1": {
            "count": 99,
            "correct": 96,
            "accuracy": 0.9696969696969697
        },
        "action:2": {
            "count": 99,
            "correct": 79,
            "accuracy": 0.797979797979798
        },
        "action:3": {
            "count": 99,
            "correct": 87,
            "accuracy": 0.8787878787878788
        },
        "action:4": {
            "count": 99,
            "correct": 86,
            "accuracy": 0.8686868686868687
        },
        "action:5": {
            "count": 99,
            "correct": 89,
            "accuracy": 0.898989898989899
        }
    },
    "time": {
        "1->2": {
            "count": 792,
            "correct": 312,
            "accuracy": 0.3939393939393939
        },
        "2->3": {
            "count": 792,
            "correct": 242,
            "accuracy": 0.3055555555555556
        },
        "3->4": {
            "count": 792,
            "correct": 212,
            "accuracy": 0.2676767676767677
        },
        "4->5": {
            "count": 792,
            "correct": 352,
            "accuracy": 0.4444444444444444
        },
        "1": {
            "count": 693,
            "correct": 568,
            "accuracy": 0.8196248196248196
        },
        "2": {
            "count": 693,
            "correct": 485,
            "accuracy": 0.6998556998556998
        },
        "3": {
            "count": 693,
            "correct": 487,
            "accuracy": 0.7027417027417028
        },
        "4": {
            "count": 693,
            "correct": 489,
            "accuracy": 0.7056277056277056
        },
        "5": {
            "count": 693,
            "correct": 556,