{"mental_state": {"belief": {"all": 19000, "correct": 3812, "accuracy": 0.2006315789473684}, "emotion": {"all": 19000, "correct": 5644, "accuracy": 0.29705263157894735}, "intention": {"all": 19000, "correct": 3713, "accuracy": 0.19542105263157894}, "action": {"all": 14000, "correct": 2591, "accuracy": 0.18507142857142858}}, "q_type": {"understanding": {"all": 20000, "correct": 5832, "accuracy": 0.2916}, "transformation": {"all": 36000, "correct": 6347, "accuracy": 0.17630555555555555}, "influence": {"all": 15000, "correct": 3581, "accuracy": 0.23873333333333333}}}